FlightRecord,IsDepDelayed
24620,NO
25358,NO
7917,YES
10685,YES
26646,NO
35889,YES
7578,NO
8630,NO
4287,YES
20840,NO
38132,NO
42196,NO
8732,NO
1138,NO
11078,NO
42851,YES
10352,NO
5636,NO
19351,YES
38997,YES
36991,YES
24688,NO
19550,NO
36598,NO
3000,NO
5224,NO
20907,YES
42150,NO
29120,NO
1650,NO
36458,NO
6816,NO
12610,NO
38323,YES
36015,YES
14624,NO
2272,NO
25359,YES
11365,YES
40834,NO
39866,NO
1594,NO
25694,NO
32326,NO
15100,NO
9792,NO
5852,NO
3953,YES
17323,YES
31289,YES
10019,YES
20912,NO
23834,NO
15784,NO
38594,NO
38235,YES
19698,NO
8677,YES
5591,YES
4837,YES
3395,YES
33353,YES
5761,YES
16671,YES
23767,YES
1638,NO
23452,NO
42026,NO
31814,NO
22879,YES
16317,YES
19775,YES
15093,YES
17158,NO
37374,NO
12936,NO
29149,YES
36657,YES
31402,NO
28403,YES
16403,YES
10796,NO
35906,NO
18793,YES
6852,NO
16409,YES
10844,NO
26518,NO
7936,NO
18484,NO
43280,NO
8523,YES
38375,YES
22101,YES
13098,NO
27454,NO
32208,NO
22119,YES
15899,YES
36823,YES
37365,YES
34865,YES
32894,NO
19538,NO
9631,YES
21944,NO
36841,YES
7335,YES
36037,YES
41549,YES
30789,YES
32574,NO
35864,NO
38459,YES
36495,YES
13513,YES
9493,YES
8333,YES
14901,YES
3774,NO
30566,NO
42106,NO
15411,YES
30531,YES
12228,NO
243,YES
2399,YES
12457,YES
11946,NO
32678,NO
10263,YES
108,NO
18732,NO
8359,YES
7624,NO
18565,YES
19118,NO
19294,NO
10870,NO
24371,YES
27375,YES
3691,YES
21951,YES
37264,NO
40003,YES
31693,YES
39946,NO
10267,YES
14741,YES
40374,NO
36853,YES
5477,YES
25721,YES
27410,NO
32752,NO
13489,YES
19257,YES
20010,NO
24016,NO
41365,YES
5932,NO
4836,NO
13400,NO
29143,YES
1364,NO
27492,NO
2717,YES
6734,NO
26896,NO
16752,NO
43501,YES
35592,NO
30552,NO
26069,YES
34135,YES
33363,YES
4215,YES
18040,NO
6501,YES
6930,NO
41012,NO
22834,NO
36973,YES
7437,YES
7261,YES
17821,YES
31216,NO
38955,YES
5274,NO
19681,YES
14235,YES
32703,YES
32895,YES
24282,NO
29063,YES
16759,YES
39200,NO
20936,NO
36660,NO
8574,NO
11131,YES
37487,YES
18836,NO
21337,YES
25248,NO
28477,YES
43567,YES
26166,NO
6738,NO
30541,YES
7343,YES
1568,NO
9156,NO
13292,NO
37826,NO
37422,NO
28095,YES
29983,YES
10931,YES
10630,NO
38218,NO
13653,YES
24930,NO
5713,YES
30557,YES
13959,YES
1134,NO
35524,NO
20068,NO
16280,NO
8010,NO
307,YES
5892,NO
41940,NO
18271,YES
7721,YES
248,NO
36493,YES
34412,NO
27402,NO
29531,YES
16486,NO
22931,YES
35002,NO
25010,NO
26206,NO
5910,NO
27441,YES
16994,NO
26094,NO
30679,YES
29736,NO
3213,YES
28418,NO
6025,YES
81,YES
5577,YES
38194,NO
33449,YES
14382,NO
43690,NO
12633,YES
33248,NO
30937,YES
37017,YES
2032,NO
41495,YES
451,YES
17865,YES
13466,NO
8679,YES
39522,NO
34806,NO
5122,NO
20761,YES
16238,NO
13537,YES
37375,YES
17037,YES
7588,NO
7235,YES
23156,NO
26581,YES
2984,NO
9289,YES
3370,NO
41306,NO
4936,NO
39355,YES
38898,NO
42152,NO
25402,NO
42483,YES
35817,YES
30112,NO
18507,YES
23585,YES
3946,NO
36647,YES
30650,NO
5978,NO
30760,NO
34745,YES
35492,NO
23383,YES
6876,NO
11548,NO
28782,NO
10239,YES
791,YES
2724,NO
18100,NO
13278,NO
42963,YES
40654,NO
18413,YES
14807,YES
4110,NO
32130,NO
27087,YES
40226,NO
40243,YES
30550,NO
11029,YES
15025,YES
8915,YES
22836,NO
12974,NO
1293,YES
32111,YES
42707,YES
43832,NO
30441,YES
24572,NO
30632,NO
6581,YES
39978,NO
13535,YES
16060,NO
242,NO
7746,NO
8792,NO
14192,NO
41764,NO
3220,NO
16128,NO
1065,YES
30551,YES
41640,NO
5389,YES
31490,NO
27347,YES
26151,YES
20303,YES
23595,YES
7463,YES
17873,YES
38649,YES
40684,NO
40365,YES
20718,NO
40135,YES
7616,NO
13358,NO
7265,YES
39852,NO
37039,YES
13036,NO
22069,YES
9337,YES
37160,NO
13645,YES
21125,YES
816,NO
14380,NO
34255,YES
10432,NO
35687,YES
29184,NO
14872,NO
30062,NO
24450,NO
3287,YES
21290,NO
21499,YES
219,YES
2547,YES
37469,YES
24846,NO
17419,YES
18306,NO
36611,YES
33747,YES
30113,YES
18469,YES
21849,YES
34061,YES
32204,NO
32406,NO
20777,YES
34382,NO
6174,NO
35437,YES
41031,YES
22050,NO
27589,YES
19744,NO
3595,YES
18068,NO
21016,NO
26284,NO
38718,NO
11652,NO
1128,NO
40851,YES
28882,NO
2712,NO
10554,NO
40597,YES
382,NO
10742,NO
34378,NO
4350,NO
4971,YES
28967,YES
17082,NO
20317,YES
40208,NO
43808,NO
1181,YES
26223,YES
42920,NO
38965,YES
32506,NO
43563,YES
29351,YES
11403,YES
38998,NO
9,YES
31220,NO
23445,YES
5790,NO
34500,NO
1198,NO
29942,NO
27596,NO
12804,NO
36250,NO
18451,YES
34328,NO
9186,NO
39199,YES
2608,NO
5940,NO
11283,YES
30325,YES
9330,NO
3356,NO
10682,NO
918,NO
34896,NO
8405,YES
41357,YES
33638,NO
6897,YES
42967,YES
30050,NO
10973,YES
43384,NO
19044,NO
6948,NO
39653,YES
17055,YES
28807,YES
38166,NO
5222,NO
25892,NO
19401,YES
23209,YES
18794,NO
36133,YES
43448,NO
29802,NO
42276,NO
7053,YES
21490,NO
20330,NO
38609,YES
18849,YES
7094,NO
15285,YES
18594,NO
9855,YES
29648,NO
27403,YES
5724,NO
33273,YES
41435,YES
43753,YES
41360,NO
39509,YES
460,NO
21593,YES
38545,YES
35357,YES
5829,YES
26674,NO
36009,YES
28074,NO
11593,YES
31603,YES
35812,NO
19643,YES
9007,YES
11132,NO
14885,YES
16946,NO
40025,YES
22456,NO
26966,NO
13589,YES
11689,YES
28129,YES
2540,NO
25262,NO
30912,NO
29860,NO
34654,NO
33376,NO
20161,YES
42396,NO
19897,YES
13672,NO
38516,NO
32823,YES
29695,YES
13389,YES
23241,YES
34823,YES
2050,NO
29563,YES
43928,NO
12510,NO
5502,NO
4878,NO
36746,NO
14888,NO
26724,NO
31146,NO
21058,NO
1329,YES
7691,YES
31070,NO
20005,YES
42173,YES
24676,NO
23121,YES
32263,YES
11169,YES
23533,YES
28087,YES
31630,NO
22010,NO
37118,NO
42937,YES
20277,YES
16150,NO
19629,YES
738,NO
11107,YES
26699,YES
13628,NO
3791,YES
4014,NO
33224,NO
23496,NO
22826,NO
5050,NO
38931,YES
20868,NO
808,NO
16038,NO
36739,YES
6208,NO
9950,NO
6296,NO
13801,YES
16327,YES
5010,NO
2627,YES
9149,YES
28312,NO
34753,YES
13852,NO
9151,YES
26723,YES
4360,NO
30925,YES
17466,NO
29871,YES
10135,YES
5633,YES
39064,NO
6555,YES
29758,NO
18940,NO
42974,NO
7400,NO
5467,YES
18886,NO
15030,NO
23908,NO
33660,NO
42477,YES
26145,YES
33127,YES
23977,YES
4902,NO
43507,YES
29123,YES
15304,NO
21975,YES
23411,YES
24865,YES
12852,NO
7358,NO
20251,YES
23484,NO
31252,NO
16869,YES
37813,YES
43319,YES
24780,NO
15950,NO
31203,YES
237,YES
8944,NO
17844,NO
38509,YES
23561,YES
1127,YES
14456,NO
21522,NO
29396,NO
43744,NO
32644,NO
13805,YES
15063,YES
40801,YES
8303,YES
12854,NO
8045,YES
27192,NO
16255,YES
22484,NO
20744,NO
43581,YES
7480,NO
35327,YES
4187,YES
19739,YES
17320,NO
10788,NO
10228,NO
2478,NO
18749,YES
8965,YES
39337,YES
2851,YES
23055,YES
18650,NO
36520,NO
10235,YES
26147,YES
17416,NO
15125,YES
21624,NO
23175,YES
7562,NO
1738,NO
1728,NO
39410,NO
26939,YES
16798,NO
9282,NO
34473,YES
11133,YES
32461,YES
23914,NO
37323,YES
32878,NO
2761,YES
12168,NO
3300,NO
43339,YES
27001,YES
16200,NO
34803,YES
7252,NO
36803,YES
11891,YES
25616,NO
28018,NO
21853,YES
1504,NO
15696,NO
32625,YES
12558,NO
41767,YES
32059,YES
32311,YES
14712,NO
17034,NO
22613,YES
37047,YES
14846,NO
38486,NO
9706,NO
28812,NO
27214,NO
29502,NO
32034,NO
10251,YES
1439,YES
9751,YES
35751,YES
15570,NO
41896,NO
39533,YES
17616,NO
20217,YES
657,YES
18092,NO
35806,NO
2477,YES
17124,NO
39672,NO
42201,YES
7865,YES
25302,NO
16835,YES
17675,YES
36394,NO
21445,YES
37782,NO
22417,YES
3344,NO
14105,YES
8105,YES
35189,YES
25265,YES
20884,NO
30253,YES
41609,YES
8829,YES
17108,NO
9410,NO
13251,YES
34054,NO
11985,YES
40230,NO
3651,YES
43520,NO
26162,NO
34003,YES
34771,YES
43592,NO
13518,NO
18755,YES
35173,YES
31936,NO
7041,YES
6644,NO
27121,YES
5655,YES
21520,NO
40815,YES
3899,YES
32194,NO
7839,YES
30098,NO
21045,YES
30913,YES
27587,YES
28107,YES
42293,YES
16182,NO
14108,NO
19680,NO
3549,YES
21227,YES
38871,YES
7528,NO
30384,NO
33931,YES
28893,YES
37615,YES
29585,YES
24185,YES
10342,NO
14308,NO
7100,NO
29803,YES
36169,YES
29700,NO
19484,NO
12759,YES
7484,NO
32496,NO
39626,NO
39746,NO
31005,YES
13648,NO
43352,NO
41670,NO
10760,NO
25950,NO
3489,YES
39161,YES
21119,YES
24245,YES
11610,NO
7432,NO
8201,YES
10448,NO
10653,YES
3185,YES
31537,YES
8708,NO
33894,NO
36783,YES
30475,YES
27424,NO
43786,NO
21787,YES
13072,NO
3009,YES
15226,NO
36942,NO
27923,YES
38857,YES
39348,NO
20450,NO
23148,NO
8814,NO
30871,YES
32822,NO
25369,YES
39804,NO
33263,YES
22716,NO
15894,NO
3770,NO
24959,YES
38897,YES
36634,NO
29486,NO
29578,NO
13362,NO
23972,NO
42711,YES
20417,YES
28046,NO
951,YES
23084,NO
12569,YES
38600,NO
14124,NO
2434,NO
18292,NO
9880,NO
12603,YES
29306,NO
23336,NO
2662,NO
1880,NO
494,NO
28873,YES
13679,YES
12179,YES
27474,NO
42059,YES
18998,NO
985,YES
32838,NO
36401,YES
354,NO
8343,YES
16837,YES
2511,YES
8834,NO
36201,YES
28278,NO
19626,NO
22117,YES
21929,YES
3621,YES
26578,NO
24300,NO
13941,YES
13536,NO
27970,NO
9817,YES
35727,YES
25733,YES
41299,YES
32425,YES
22546,NO
30561,YES
36978,NO
6335,YES
20491,YES
1257,YES
26665,YES
6580,NO
9770,NO
526,NO
39368,NO
17384,NO
35765,YES
18222,NO
36714,NO
27185,YES
21682,NO
24624,NO
17381,YES
19136,NO
780,NO
4034,NO
3250,NO
40755,YES
35409,YES
24067,YES
12717,YES
16761,YES
42426,NO
4695,YES
15417,YES
33315,YES
8878,NO
1478,NO
25180,NO
28627,YES
2237,YES
43387,YES
35451,YES
13374,NO
37492,NO
30389,YES
21857,YES
1466,NO
18398,NO
18190,NO
8006,NO
26199,YES
34427,YES
40048,NO
18803,YES
16201,YES
32307,YES
33978,NO
12256,NO
21188,NO
17412,NO
32171,YES
39359,YES
13796,NO
20604,NO
33788,NO
796,NO
42085,YES
39763,YES
13830,NO
5830,NO
2973,YES
12824,NO
5935,YES
20651,YES
29595,YES
12909,YES
30348,NO
38774,NO
38598,NO
19050,NO
5936,NO
34597,YES
35653,YES
395,YES
37068,NO
22189,YES
15467,YES
27893,YES
4823,YES
35469,YES
14180,NO
727,YES
33644,NO
15601,YES
43926,NO
8932,NO
24642,NO
9036,NO
19359,YES
14605,YES
27962,NO
32113,YES
18820,NO
21988,NO
25164,NO
15871,YES
4897,YES
6352,NO
28520,NO
23874,NO
5398,NO
1891,YES
31721,YES
291,YES
21932,NO
23932,NO
28572,NO
9741,YES
10792,NO
8363,YES
32029,YES
43312,NO
41148,NO
42010,NO
19003,YES
34184,NO
21501,YES
19149,YES
24613,YES
28621,YES
12947,YES
14981,YES
27910,NO
30963,YES
3384,NO
26023,YES
28351,YES
1724,NO
18386,NO
12176,NO
10390,NO
1453,YES
8673,YES
21437,YES
30283,YES
11387,YES
20151,YES
23647,YES
37944,NO
12152,NO
19571,YES
16638,NO
32084,NO
30125,YES
37288,NO
21300,NO
25067,YES
37903,YES
14519,YES
30845,YES
24286,NO
9079,YES
233,YES
24854,NO
42155,YES
10145,YES
3731,YES
43230,NO
13566,NO
14039,YES
13118,NO
23222,NO
1847,YES
18021,YES
379,YES
10936,NO
34833,YES
26353,YES
24904,NO
1542,NO
38346,NO
24814,NO
35229,YES
38534,NO
10915,YES
18990,NO
8155,YES
7483,YES
3574,NO
23440,NO
7172,NO
33236,NO
36918,NO
13379,YES
41559,YES
36592,NO
20086,NO
6114,NO
29960,NO
22686,NO
30786,NO
12667,YES
27060,NO
22990,NO
27154,NO
31403,YES
4338,NO
31661,YES
13633,YES
25862,NO
35349,YES
19463,YES
43433,YES
24840,NO
41475,YES
31224,NO
36561,YES
26050,NO
20612,NO
20794,NO
33113,YES
9832,NO
5621,YES
39568,NO
35068,NO
16511,YES
29811,YES
30746,NO
24104,NO
11334,NO
5497,YES
19499,YES
10073,YES
29064,NO
38159,YES
7222,NO
14944,NO
14310,NO
24681,YES
14491,YES
20832,NO
11432,NO
27580,NO
7424,NO
22632,NO
12410,NO
9676,NO
34086,NO
31654,NO
2839,YES
22776,NO
33675,YES
8789,YES
10227,YES
14423,YES
43220,NO
8122,NO
22623,YES
43104,NO
25216,NO
10499,YES
33670,NO
29908,NO
18823,YES
1193,YES
38662,NO
159,YES
9551,YES
5838,NO
38563,YES
9654,NO
130,NO
15905,YES
10702,NO
22303,YES
37280,NO
1937,YES
42192,NO
21771,YES
11957,YES
37229,YES
2160,NO
36613,YES
18146,NO
43776,NO
40412,NO
10797,YES
35860,NO
26661,YES
17849,YES
10884,NO
34471,YES
16655,YES
16181,YES
25879,YES
9283,YES
9652,NO
31512,NO
15697,YES
43091,YES
32564,NO
36140,NO
13419,YES
39721,YES
31342,NO
20830,NO
6546,NO
11316,NO
14216,NO
34667,YES
25743,YES
35438,NO
20917,YES
39290,NO
14827,YES
35003,YES
23794,NO
6215,YES
39875,YES
29374,NO
38089,YES
12699,YES
12205,YES
20243,YES
26634,NO
17369,YES
19924,NO
6595,YES
14148,NO
31049,YES
22498,NO
30576,NO
36442,NO
20069,YES
10819,YES
38867,YES
41464,NO
36832,NO
1952,NO
13254,NO
4554,NO
22583,YES
43004,NO
15048,NO
19216,NO
36629,YES
27728,NO
10588,NO
10782,NO
36646,NO
1496,NO
13490,NO
24514,NO
19247,YES
24654,NO
15444,NO
22718,NO
25412,NO
23404,NO
3331,YES
1950,NO
530,NO
34977,YES
37287,YES
20743,YES
9722,NO
16602,NO
21838,NO
4447,YES
16705,YES
9150,NO
35612,NO
321,YES
9171,YES
40136,NO
39439,YES
12160,NO
2759,YES
38993,YES
30052,NO
29564,NO
20157,YES
9130,NO
20137,YES
38411,YES
2324,NO
24672,NO
34028,NO
24327,YES
27223,YES
15666,NO
26201,YES
26918,NO
36756,NO
38740,NO
28696,NO
34018,NO
27125,YES
3478,NO
41893,YES
12040,NO
24246,NO
9240,NO
12725,YES
8330,NO
1126,NO
38973,YES
20258,NO
1130,NO
5642,NO
17402,NO
39893,YES
22658,NO
42124,NO
29000,NO
19845,YES
23981,YES
31689,YES
6309,YES
41077,YES
5678,NO
6225,YES
18375,YES
13742,NO
11516,NO
25553,YES
1711,YES
7853,YES
34176,NO
35074,NO
37996,NO
21664,NO
38530,NO
4271,YES
32306,NO
12487,YES
27618,NO
20767,YES
10979,YES
10136,NO
21338,NO
42413,YES
8758,NO
10148,NO
7125,YES
37841,YES
3707,YES
33466,NO
42374,NO
8694,NO
10551,YES
14604,NO
35898,NO
17673,YES
6987,YES
21195,YES
42287,YES
28340,NO
6641,YES
42246,NO
24054,NO
20291,YES
17033,YES
7976,NO
34009,YES
17350,NO
33093,YES
29869,YES
21283,YES
30612,NO
28745,YES
39613,YES
4029,YES
4070,NO
986,NO
19821,YES
32025,YES
40211,YES
24561,YES
22080,NO
21627,YES
32055,YES
2246,NO
8949,YES
24757,YES
40098,NO
8021,YES
2062,NO
20199,YES
30337,YES
20751,YES
35854,NO
38752,NO
31950,NO
20074,NO
29584,NO
36865,YES
22861,YES
18698,NO
23221,YES
27173,YES
30117,YES
7519,YES
6862,NO
40519,YES
20784,NO
25337,YES
34784,NO
31587,YES
14511,YES
40975,YES
35927,YES
18874,NO
9193,YES
5582,NO
6806,NO
14937,YES
14414,NO
5986,NO
37912,NO
33012,NO
24534,NO
35298,NO
16911,YES
36174,NO
12371,YES
15042,NO
4080,NO
39734,NO
790,NO
28768,NO
25246,NO
1883,YES
33590,NO
17971,YES
24396,NO
26113,YES
17685,YES
11871,YES
7464,NO
39985,YES
14862,NO
29633,YES
3669,YES
11336,NO
12921,YES
29745,YES
41397,YES
1279,YES
26913,YES
5290,NO
25047,YES
36659,YES
10765,YES
2244,NO
34898,NO
41334,NO
42908,NO
39950,NO
6189,YES
30680,NO
43847,YES
1336,NO
32287,YES
26640,NO
7121,YES
19763,YES
10358,NO
23769,YES
8955,YES
15635,YES
26991,YES
20799,YES
11555,YES
2294,NO
22940,NO
711,YES
23105,YES
2127,YES
14684,NO
29385,YES
32006,NO
16848,NO
31556,NO
25808,NO
11181,YES
2854,NO
41516,NO
25713,YES
32243,YES
42919,YES
34656,NO
8946,NO
30691,YES
25059,YES
32202,NO
1114,NO
2730,NO
18710,NO
10730,NO
3855,YES
832,NO
43346,NO
32017,YES
1931,YES
34206,NO
19336,NO
15747,YES
39425,YES
30009,YES
18675,YES
14566,NO
84,NO
4186,NO
17259,YES
12405,YES
8247,YES
19241,YES
33919,YES
21508,NO
20208,NO
38209,YES
36728,NO
20615,YES
18111,YES
16192,NO
25408,NO
37682,NO
7598,NO
7539,YES
15362,NO
25466,NO
40650,NO
19378,NO
28488,NO
21637,YES
3327,YES
213,YES
40784,NO
42725,YES
730,NO
218,NO
39508,NO
4282,NO
20526,NO
26042,NO
12549,YES
5943,YES
17289,YES
37162,NO
13626,NO
9315,YES
36221,YES
12178,NO
18300,NO
25188,NO
5758,NO
26192,NO
36873,YES
31740,NO
29022,NO
13356,NO
26525,YES
29515,YES
34969,YES
40945,YES
20141,YES
21033,YES
30715,YES
5711,YES
27916,NO
29650,NO
2404,NO
34765,YES
8852,NO
25571,YES
10454,NO
18130,NO
37210,NO
8318,NO
25922,NO
35286,NO
7705,YES
5903,YES
40141,YES
8587,YES
788,NO
3389,YES
38055,YES
41833,YES
34194,NO
9980,NO
19941,YES
5253,YES
41583,YES
1972,NO
17226,NO
11211,YES
17891,YES
42345,YES
25857,YES
33290,NO
257,YES
23963,YES
35102,NO
75,YES
1000,NO
35610,NO
6866,NO
1148,NO
19596,NO
36403,YES
18303,YES
35745,YES
32949,YES
31850,NO
37178,NO
13365,YES
6150,NO
30767,YES
22502,NO
35820,NO
41119,YES
10462,NO
14477,YES
32071,YES
6304,NO
18598,NO
23126,NO
39536,NO
3748,NO
26730,NO
29751,YES
33499,YES
7991,YES
32038,NO
6988,NO
39583,YES
43440,NO
19156,NO
18250,NO
28352,NO
6911,YES
12255,YES
11620,NO
24758,NO
29705,YES
15316,NO
1707,YES
19749,YES
26951,YES
26088,NO
22086,NO
39012,NO
13782,NO
11012,NO
36217,YES
24682,NO
25747,YES
10831,YES
40794,NO
5256,NO
15919,YES
4739,YES
12335,YES
18830,NO
34032,NO
35698,NO
15112,NO
22198,NO
4015,YES
10603,YES
5065,YES
37704,NO
2930,NO
19833,YES
30032,NO
17335,YES
35750,NO
38385,YES
30813,YES
37165,YES
2217,YES
29540,NO
6203,YES
25075,YES
4081,YES
6703,YES
13768,NO
22380,NO
10018,NO
43869,YES
31356,NO
10287,YES
4240,NO
16579,YES
26172,NO
22884,NO
19474,NO
11008,NO
4363,YES
6378,NO
4247,YES
19801,YES
7731,YES
17583,YES
35240,NO
39652,NO
30334,NO
38371,YES
17469,YES
28592,NO
8788,NO
27157,YES
32708,NO
43221,YES
15786,NO
36035,YES
5527,YES
26967,YES
39813,YES
13532,NO
6763,YES
4831,YES
43290,NO
34554,NO
28282,NO
39345,YES
14288,NO
15787,YES
1029,YES
6589,YES
7753,YES
40958,NO
38943,YES
4875,YES
18175,YES
18060,NO
11075,YES
28459,YES
20664,NO
28480,NO
22325,YES
6213,YES
20705,YES
3245,YES
16250,NO
17216,NO
9441,YES
33003,YES
43260,NO
3358,NO
35425,YES
19501,YES
32696,NO
11729,YES
15821,YES
26981,YES
36443,YES
28701,YES
17217,YES
41995,YES
31047,YES
22064,NO
39237,YES
22617,YES
16915,YES
39835,YES
40753,YES
28076,NO
43818,NO
33135,YES
17089,YES
10874,NO
28914,NO
40282,NO
6348,NO
41532,NO
186,NO
14006,NO
30406,NO
39538,NO
26864,NO
23267,YES
31697,YES
31000,NO
33895,YES
22729,YES
23177,YES
41961,YES
27092,NO
36953,YES
1101,YES
30310,NO
17584,NO
43029,YES
39940,NO
33470,NO
12675,YES
10118,NO
22622,NO
5824,NO
4603,YES
33330,NO
10457,YES
4266,NO
31351,YES
16213,YES
29275,YES
25937,YES
30298,NO
37090,NO
6604,NO
24470,NO
28594,NO
31737,YES
43137,YES
2639,YES
36734,NO
6717,YES
2559,YES
35762,NO
13458,NO
29603,YES
9066,NO
10703,YES
753,YES
25845,YES
4464,NO
4773,YES
18911,YES
35015,YES
17501,YES
1261,YES
33007,YES
19428,NO
11140,NO
43327,YES
11896,NO
1105,YES
31428,NO
26238,NO
33812,NO
15981,YES
14221,YES
9277,YES
37829,YES
34620,NO
21493,YES
12845,YES
37508,NO
25519,YES
490,NO
27639,YES
20779,YES
17522,NO
25484,NO
13224,NO
10075,YES
6276,NO
4460,NO
1321,YES
32541,YES
37143,YES
20649,YES
10311,YES
39236,NO
2970,NO
29335,YES
16086,NO
40885,YES
35968,NO
25403,YES
29161,YES
18314,NO
21007,YES
19729,YES
14379,YES
35638,NO
27049,YES
28443,YES
11135,YES
16103,YES
599,YES
14457,YES
24520,NO
9135,YES
2296,NO
31292,NO
9987,YES
7315,YES
10995,YES
40997,YES
21523,YES
35262,NO
38651,YES
31591,YES
2824,NO
39879,YES
42125,YES
5243,YES
36570,NO
23582,NO
24431,YES
28254,NO
544,NO
31274,NO
14501,YES
7054,NO
1990,NO
14233,YES
10847,YES
34147,YES
37595,YES
32385,YES
4009,YES
35921,YES
24493,YES
16393,YES
32922,NO
37122,NO
40446,NO
41301,YES
1993,YES
15622,NO
38134,NO
36517,YES
38787,YES
43893,YES
482,NO
13866,NO
3087,YES
863,YES
12583,YES
40341,YES
899,YES
13792,NO
8956,NO
4234,NO
2181,YES
1290,NO
12218,NO
34897,YES
13937,YES
7889,YES
2447,YES
33321,YES
2560,NO
22017,YES
30414,NO
25555,YES
31526,NO
18006,NO
15870,NO
21495,YES
20227,YES
30739,YES
24922,NO
18813,YES
10521,YES
16333,YES
25252,NO
37902,NO
31648,NO
36982,NO
41642,NO
14653,YES
32269,YES
9475,YES
2769,YES
26613,YES
7502,NO
3290,NO
29133,YES
453,YES
7525,YES
25054,NO
34437,YES
41546,NO
38730,NO
27973,YES
12674,NO
6576,NO
30500,NO
8754,NO
3289,YES
11141,YES
27151,YES
36846,NO
10021,YES
995,YES
19390,NO
26378,NO
1436,NO
25135,YES
42258,NO
42412,NO
24105,YES
23082,NO
2568,NO
39411,YES
22503,YES
18080,NO
8992,NO
4475,YES
2914,NO
14403,YES
43030,NO
5990,NO
40066,NO
38341,YES
3776,NO
6384,NO
14817,YES
40871,YES
20008,NO
15420,NO
31548,NO
30567,YES
23035,YES
32917,YES
21877,YES
36273,YES
40079,YES
43564,NO
12347,YES
19706,NO
21452,NO
23607,YES
29744,NO
43549,YES
32348,NO
43856,NO
12123,YES
22920,NO
15296,NO
6119,YES
32296,NO
25927,YES
5413,YES
17246,NO
14891,YES
13011,YES
21213,YES
10290,NO
24641,YES
3875,YES
6226,NO
25018,NO
22182,NO
38191,YES
37505,YES
33918,NO
17831,YES
21875,YES
4336,NO
23344,NO
2904,NO
35690,NO
36795,YES
31678,NO
39133,YES
18715,YES
24738,NO
12977,YES
16748,NO
21965,YES
15653,YES
31953,YES
9852,NO
39444,NO
32626,NO
24170,NO
20596,NO
30336,NO
8765,YES
8012,NO
33348,NO
14796,NO
15807,YES
38101,YES
42940,NO
17590,NO
7649,YES
2177,YES
17201,YES
36093,YES
10233,YES
33724,NO
4706,NO
23187,YES
29186,NO
4165,YES
40168,NO
42952,NO
24351,YES
7829,YES
7859,YES
30827,YES
30056,NO
32450,NO
41103,YES
23697,YES
42850,NO
25590,NO
11154,NO
37962,NO
35185,YES
30423,YES
36177,YES
8547,YES
6357,YES
11638,NO
7300,NO
9574,NO
43491,YES
37495,YES
43718,NO
31023,YES
35901,YES
17288,NO
21669,YES
3631,YES
76,NO
26936,NO
33790,NO
17568,NO
1748,NO
20700,NO
29049,YES
8184,NO
36498,NO
40743,YES
33184,NO
37946,NO
36977,YES
19459,YES
15159,YES
15195,YES
16587,YES
8805,YES
28534,NO
29660,NO
13216,NO
19440,NO
38749,YES
39903,YES
2876,NO
42759,YES
8579,YES
35400,NO
40545,YES
3135,YES
19908,NO
29562,NO
17303,YES
20635,YES
37778,NO
10803,YES
1185,YES
36034,NO
41957,YES
19652,NO
24295,YES
32637,YES
3040,NO
30074,NO
34910,NO
43027,YES
22678,NO
21181,YES
35382,NO
33013,YES
3252,NO
23432,NO
8850,NO
13043,YES
2193,YES
11160,NO
31466,NO
3811,YES
18927,YES
14744,NO
33240,NO
3654,NO
43086,NO
30304,NO
13344,NO
42184,NO
41794,NO
28275,YES
41347,YES
14363,YES
8475,YES
15533,YES
14346,NO
43255,YES
28040,NO
43350,NO
28973,YES
32449,YES
32996,NO
25264,NO
13478,NO
32599,YES
1081,YES
31636,NO
34139,YES
21937,YES
43673,YES
34749,YES
12331,YES
19768,NO
26137,YES
28085,YES
31902,NO
12162,NO
23234,NO
6292,NO
32950,NO
2398,NO
2842,NO
27345,YES
25549,YES
33294,NO
42623,YES
19826,NO
2003,YES
16907,YES
27045,YES
9401,YES
20402,NO
28988,NO
9973,YES
23410,NO
2117,YES
37175,YES
23340,NO
10562,NO
19839,YES
41513,YES
5731,YES
35304,NO
42089,YES
30297,YES
31881,YES
31939,YES
37099,YES
38072,NO
38476,NO
15477,YES
29820,NO
8550,NO
26421,YES
3871,YES
16637,YES
20362,NO
36696,NO
14913,YES
14548,NO
36136,NO
16603,YES
23007,YES
10276,NO
39192,NO
13578,NO
19686,NO
15213,YES
42292,NO
5772,NO
22639,YES
39951,YES
30510,NO
27503,YES
38681,YES
38343,YES
33655,YES
23605,YES
40818,NO
24843,YES
23407,YES
32281,YES
40980,NO
19292,NO
29099,YES
24628,NO
2150,NO
41790,NO
38228,NO
10834,NO
9310,NO
576,NO
36043,YES
28892,NO
42020,NO
3455,YES
34116,NO
14577,YES
36533,YES
24479,YES
43358,NO
14011,YES
4281,YES
22165,YES
24894,NO
40261,YES
8220,NO
41771,YES
29696,NO
42432,NO
6130,NO
33295,YES
16493,YES
1912,NO
34920,NO
22538,NO
28023,YES
6979,YES
22748,NO
32424,NO
26382,NO
39901,YES
18034,NO
27666,NO
15201,YES
18572,NO
42326,NO
32580,NO
8376,NO
18837,YES
24969,YES
32914,NO
3239,YES
11284,NO
23347,YES
38361,YES
2494,NO
32686,NO
26924,NO
7269,YES
3510,NO
34497,YES
43197,YES
2359,YES
8479,YES
7280,NO
39884,NO
24257,YES
39258,NO
35393,YES
24768,NO
8350,NO
23674,NO
68,NO
36219,YES
20540,NO
19748,NO
20600,NO
15066,NO
43113,YES
13485,YES
22524,NO
10786,NO
23095,YES
26261,YES
33285,YES
40290,NO
28441,YES
28067,YES
525,YES
41698,NO
32885,YES
14841,YES
16407,YES
20354,NO
4738,NO
10007,YES
6802,NO
18774,NO
19738,NO
36777,YES
13630,NO
23119,YES
1962,NO
2911,YES
449,YES
25942,NO
29727,YES
17382,NO
13060,NO
29150,NO
29162,NO
9434,NO
16829,YES
26218,NO
26818,NO
3795,YES
31366,NO
9416,NO
10347,YES
3386,NO
17060,NO
34671,YES
30250,NO
27110,NO
36131,YES
14859,YES
8973,YES
29507,YES
4575,YES
41547,YES
5551,YES
8058,NO
4183,YES
15427,YES
6620,NO
30270,NO
34943,YES
28605,YES
26266,NO
15290,NO
23988,NO
21889,YES
37058,NO
41323,YES
14526,NO
35666,NO
13835,YES
37214,NO
39131,YES
10337,YES
42574,NO
17316,NO
23581,YES
17480,NO
5847,YES
20802,NO
2481,YES
2303,YES
11285,YES
29316,NO
24784,NO
11376,NO
13878,NO
5174,NO
43439,YES
32289,YES
25095,YES
35361,YES
18776,NO
9794,NO
23633,YES
29466,NO
41214,NO
13128,NO
18323,YES
40999,YES
40215,YES
9276,NO
34876,NO
18091,YES
28277,YES
25959,YES
15907,YES
34657,YES
15141,YES
24584,NO
32781,YES
38953,YES
36395,YES
38847,YES
42686,NO
18873,YES
21200,NO
23580,NO
10026,NO
2018,NO
26586,NO
23056,NO
31195,YES
14964,NO
31998,NO
36504,NO
37811,YES
12522,NO
23208,NO
32654,NO
20140,NO
30170,NO
17471,YES
42814,NO
17669,YES
10464,NO
32213,YES
17291,YES
19467,YES
28196,NO
3747,YES
12390,NO
3956,NO
2326,NO
28526,NO
42657,YES
33385,YES
11680,NO
13762,NO
6510,NO
7538,NO
42934,NO
3336,NO
34524,NO
29330,NO
33465,YES
35137,YES
42579,YES
43958,NO
39604,NO
30046,NO
42764,NO
40469,YES
15916,NO
24965,YES
14135,YES
17242,NO
32019,YES
28506,NO
41729,YES
4782,NO
29896,NO
40294,NO
36398,NO
28454,NO
18788,NO
22228,NO
15926,NO
532,NO
29765,YES
43407,YES
43186,NO
496,NO
39676,NO
17665,YES
23255,YES
6085,YES
12781,YES
33222,NO
21872,NO
24147,YES
20002,NO
1091,YES
21613,YES
10471,YES
15967,YES
6962,NO
23460,NO
27265,YES
1759,YES
26609,YES
30882,NO
13239,YES
12771,YES
25982,NO
20558,NO
36899,YES
28226,NO
34319,YES
12769,YES
6673,YES
13443,YES
12878,NO
27318,NO
19560,NO
13169,YES
11592,NO
9637,YES
26149,YES
32469,YES
1223,YES
24171,YES
39430,NO
13331,YES
41157,YES
36735,YES
16509,YES
14480,NO
11101,YES
39682,NO
12192,NO
11728,NO
13673,YES
10278,NO
26127,YES
32757,YES
42335,YES
9889,YES
34007,YES
11762,NO
21626,NO
21921,YES
16920,NO
9924,NO
5300,NO
19029,YES
7836,NO
41875,YES
35093,YES
30313,YES
16029,YES
7325,YES
21834,NO
1620,NO
2805,YES
27280,NO
25928,NO
16155,YES
3420,NO
13307,YES
24434,NO
21314,NO
39479,YES
8795,YES
10560,NO
3277,YES
9988,NO
34336,NO
8301,YES
13840,NO
38483,YES
38069,YES
8741,YES
13497,YES
25682,NO
5777,YES
8681,YES
4446,NO
39703,YES
20881,YES
22581,YES
3255,YES
17484,NO
34093,YES
19687,YES
41570,NO
29856,NO
19431,YES
25289,YES
32550,NO
43514,NO
3249,YES
37773,YES
36635,YES
25170,NO
1920,NO
12872,NO
24378,NO
1511,YES
12838,NO
32147,YES
40252,NO
27646,NO
27892,NO
14800,NO
20486,NO
34866,NO
23765,YES
842,NO
36109,YES
38175,YES
29101,YES
40520,NO
9031,YES
4935,YES
42114,NO
32382,NO
22258,NO
17010,NO
19219,YES
275,YES
10406,NO
22179,YES
31666,NO
8753,YES
7208,NO
557,YES
38250,NO
37309,YES
100,NO
7142,NO
34615,YES
1160,NO
19906,NO
9294,NO
32267,YES
13151,YES
24178,NO
32767,YES
6945,YES
20206,NO
5823,YES
2211,YES
29426,NO
33389,YES
25376,NO
25838,NO
20838,NO
10618,NO
19185,YES
5368,NO
3357,YES
39544,NO
8408,NO
37358,NO
19562,NO
39184,NO
6630,NO
34360,NO
14047,YES
28932,NO
7268,NO
10693,YES
3761,YES
21755,YES
32227,YES
42979,YES
30370,NO
28851,YES
31044,NO
18326,NO
33920,NO
4028,NO
3796,NO
4147,YES
13402,NO
554,NO
31497,YES
27416,NO
16567,YES
18088,NO
25272,NO
32525,YES
41728,NO
18002,NO
20626,NO
36741,YES
11094,NO
33706,NO
23435,YES
37322,NO
37524,NO
16877,YES
12409,YES
17020,NO
41612,NO
6920,NO
19282,NO
8299,YES
36347,YES
10779,YES
39966,NO
6808,NO
25777,YES
29926,NO
30560,NO
8743,YES
5044,NO
6713,YES
24950,NO
38309,YES
43291,YES
32092,NO
39398,NO
5625,YES
12222,NO
17270,NO
23573,YES
21534,NO
38403,YES
24321,YES
5403,YES
36149,YES
2341,YES
41854,NO
10226,NO
28662,NO
17051,YES
25524,NO
2192,NO
20904,NO
24145,YES
26385,YES
28484,NO
23519,YES
3224,NO
13050,NO
21212,NO
34546,NO
21712,NO
8501,YES
19851,YES
35193,YES
37488,NO
28341,YES
46,NO
10506,NO
8079,YES
25709,YES
38477,YES
25835,YES
26194,NO
12525,YES
27813,YES
28886,NO
12881,YES
37788,NO
21041,YES
24597,YES
11286,NO
2022,NO
16328,NO
14425,YES
27727,YES
3310,NO
33137,YES
42334,NO
5924,NO
21378,NO
35063,YES
6715,YES
23326,NO
10498,NO
41097,YES
14318,NO
34151,YES
6337,YES
10549,YES
11374,NO
28289,YES
27846,NO
36844,NO
4648,NO
34455,YES
24853,YES
22470,NO
4225,YES
30676,NO
14257,YES
16615,YES
38498,NO
32982,NO
14570,NO
6949,YES
5898,NO
32179,YES
33934,NO
7968,NO
24874,NO
1884,NO
13334,NO
15002,NO
27583,YES
831,YES
18480,NO
28231,YES
17621,YES
1006,NO
31657,YES
43089,YES
37207,YES
24820,NO
28099,YES
42640,NO
3759,YES
25058,NO
38247,YES
14857,YES
29704,NO
12481,YES
4425,YES
2226,NO
42065,YES
27422,NO
43800,NO
35406,NO
6106,NO
11350,NO
5590,NO
33852,NO
7967,YES
39986,NO
16401,YES
18458,NO
6924,NO
23343,YES
8923,YES
1655,YES
25592,NO
39341,YES
30752,NO
7506,NO
20190,NO
38215,YES
31627,YES
17532,NO
30137,YES
30873,YES
17910,NO
27834,NO
32411,YES
37867,YES
18680,NO
40377,YES
17212,NO
8266,NO
22231,YES
38497,YES
10888,NO
3557,YES
14722,NO
5846,NO
24655,YES
22522,NO
2633,YES
31872,NO
1823,YES
43331,YES
33464,NO
5199,YES
10003,YES
6274,NO
43354,NO
41996,NO
29239,YES
20054,NO
15902,NO
14195,YES
36540,NO
4873,YES
24474,NO
22865,YES
18498,NO
31766,NO
22794,NO
38996,NO
28785,YES
14941,YES
3706,NO
30741,YES
25556,NO
5707,YES
9719,YES
40179,YES
38204,NO
37840,NO
27658,NO
24094,NO
34108,NO
28185,YES
29957,YES
11568,NO
5076,NO
14021,YES
33571,YES
23962,NO
18960,NO
10254,NO
42950,NO
27966,NO
25072,NO
6655,YES
38877,YES
2187,YES
33428,NO
4479,YES
25619,YES
36007,YES
21276,NO
24288,NO
24958,NO
29768,NO
4223,YES
17554,NO
11084,NO
23814,NO
34861,YES
31813,YES
1174,NO
35101,YES
1968,NO
12489,YES
4424,NO
17810,NO
36901,YES
4518,NO
18762,NO
3506,NO
669,YES
24674,NO
37861,YES
9394,NO
34490,NO
40276,NO
26937,YES
16770,NO
43443,YES
7990,NO
32224,NO
16760,NO
28600,NO
7079,YES
34589,YES
21567,YES
13616,NO
16843,YES
30421,YES
9011,YES
32893,YES
4046,NO
41719,YES
17234,NO
28656,NO
43246,NO
12416,NO
26495,YES
16924,NO
13883,YES
28926,NO
17057,YES
704,NO
31588,NO
12513,YES
38353,YES
32358,NO
30771,YES
18363,YES
17671,YES
38401,YES
27299,YES
2719,YES
13333,YES
6481,YES
16711,YES
41064,NO
15121,YES
2886,NO
16427,YES
33843,YES
43583,YES
40688,NO
43745,YES
40193,YES
43349,YES
6936,NO
29359,YES
4114,NO
42867,YES
23917,YES
34403,YES
20609,YES
31635,YES
13691,YES
43112,NO
32962,NO
36261,YES
33351,YES
42902,NO
25645,YES
972,NO
31011,YES
4672,NO
9204,NO
35058,NO
35923,YES
383,YES
40223,YES
30922,NO
9273,YES
21467,YES
41868,NO
4681,YES
17058,NO
23100,NO
792,NO
43082,NO
5332,NO
13832,NO
4086,NO
25493,YES
32775,YES
23665,YES
24278,NO
2553,YES
1011,YES
40687,YES
14968,NO
15011,YES
22905,YES
21852,NO
35445,YES
33552,NO
41731,YES
27746,NO
30138,NO
30446,NO
341,YES
35213,YES
14037,YES
19434,NO
2391,YES
17899,YES
26455,YES
43362,NO
13336,NO
31522,NO
14495,YES
40641,YES
39731,YES
20179,YES
26678,NO
21864,NO
35938,NO
24811,YES
34889,YES
22413,YES
10426,NO
36044,NO
9778,NO
10422,NO
21048,NO
26870,NO
33344,NO
37964,NO
42827,YES
6299,YES
16550,NO
43748,NO
722,NO
1689,YES
6508,NO
39109,YES
39450,NO
41293,YES
25235,YES
37131,YES
4937,YES
27106,NO
34793,YES
24403,YES
43945,YES
38551,YES
13363,YES
40595,YES
43156,NO
610,NO
6191,YES
428,NO
13550,NO
3803,YES
31448,NO
25239,YES
36983,YES
42527,YES
6634,NO
43183,YES
34359,YES
14658,NO
21850,NO
2443,YES
4980,NO
12902,NO
32840,NO
21006,NO
38974,NO
35155,YES
26733,YES
27654,NO
14073,YES
550,NO
28366,NO
10038,NO
19936,NO
12942,NO
10563,YES
41040,NO
9914,NO
27697,YES
30275,YES
25593,YES
36600,NO
15710,NO
31614,NO
35578,NO
10314,NO
9523,YES
4251,YES
14201,YES
11460,NO
38169,YES
30265,YES
13059,YES
24542,NO
15843,YES
11725,YES
7954,NO
9235,YES
33207,YES
19891,YES
16501,YES
34100,NO
40643,YES
19762,NO
43328,NO
35548,NO
43577,YES
18978,NO
37433,YES
24020,NO
10229,YES
9259,YES
14951,YES
36737,YES
22372,NO
1712,NO
12799,YES
10541,YES
25626,NO
39353,YES
10809,YES
14453,YES
23987,YES
28570,NO
20100,NO
34448,NO
36468,NO
20225,YES
35024,NO
37490,NO
1994,NO
39294,NO
42126,NO
43642,NO
34670,NO
4356,NO
31393,YES
12035,YES
15776,NO
21936,NO
27889,YES
3197,YES
36893,YES
30291,YES
9673,YES
3800,NO
21502,NO
193,YES
179,YES
34504,NO
12770,NO
23539,YES
22651,YES
39696,NO
3230,NO
43964,NO
6805,YES
26522,NO
12421,YES
18824,NO
33128,NO
34419,YES
27797,YES
31385,YES
19587,YES
34693,YES
10759,YES
2887,YES
43949,YES
42785,YES
26515,YES
35186,NO
28555,YES
41753,YES
37249,YES
37961,YES
26710,NO
10427,YES
28738,NO
24154,NO
31875,YES
35342,NO
36998,NO
140,NO
8596,NO
24822,NO
26524,NO
43576,NO
23672,NO
8507,YES
24307,YES
22982,NO
28593,YES
12857,YES
34211,YES
39974,NO
11382,NO
4950,NO
6701,YES
55,YES
809,YES
7777,YES
8119,YES
26751,YES
12400,NO
2386,NO
42207,YES
28358,NO
34256,NO
8988,NO
1875,YES
38537,YES
14974,NO
8351,YES
24102,NO
21446,NO
19632,NO
40647,YES
39350,NO
14413,YES
19520,NO
30618,NO
9060,NO
40096,NO
4094,NO
37005,YES
23730,NO
14690,NO
39979,YES
20128,NO
27395,YES
23457,YES
7776,NO
13352,NO
17754,NO
37809,YES
19953,YES
38176,NO
19131,YES
35549,YES
16868,NO
17153,YES
14078,NO
19345,YES
41554,NO
6004,NO
40632,NO
19597,YES
23685,YES
11931,YES
42243,YES
43898,NO
11019,YES
28244,NO
12530,NO
43046,NO
14109,YES
6427,YES
23955,YES
16490,NO
37260,NO
41296,NO
20431,YES
42548,NO
19416,NO
13809,YES
33846,NO
28643,YES
34212,NO
6800,NO
29422,NO
11492,NO
12360,NO
36419,YES
3517,YES
14539,YES
26682,NO
23952,NO
27107,YES
43568,NO
28433,YES
18105,YES
4663,YES
12480,NO
15708,NO
26926,NO
35991,YES
23805,YES
20933,YES
3398,NO
27137,YES
42771,YES
3757,YES
10157,YES
23649,YES
27170,NO
13986,NO
41468,NO
9262,NO
36233,YES
37762,NO
18781,YES
8662,NO
4462,NO
3703,YES
17561,YES
11573,YES
6293,YES
4791,YES
39848,NO
36881,YES
1709,YES
37486,NO
3531,YES
4748,NO
33755,YES
16252,NO
21876,NO
40427,YES
11410,NO
18687,YES
30001,YES
24221,YES
25861,YES
29977,YES
12241,YES
17545,YES
20344,NO
31905,YES
32680,NO
5030,NO
17268,NO
24324,NO
28149,YES
33787,YES
32801,YES
27096,NO
14136,NO
15722,NO
36864,NO
20347,YES
32509,YES
32902,NO
28239,YES
41415,YES
38767,YES
13949,YES
26107,YES
23273,YES
27315,YES
8902,NO
12897,YES
8901,YES
11603,YES
28680,NO
9446,NO
23652,NO
40707,YES
23261,YES
5556,NO
25551,YES
24033,YES
13188,NO
27390,NO
34192,NO
27714,NO
40500,NO
13893,YES
371,YES
25163,YES
35194,NO
3566,NO
12139,YES
21709,YES
43819,YES
11643,YES
43528,NO
29897,YES
27124,NO
18024,NO
16513,YES
20267,YES
12417,YES
36445,YES
8851,YES
34545,YES
19196,NO
28629,YES
14266,NO
40167,YES
39822,NO
10316,NO
17961,YES
39714,NO
33821,YES
16360,NO
8112,NO
30994,NO
26483,YES
956,NO
34523,YES
22434,NO
32058,NO
31833,YES
37037,YES
18086,NO
20343,YES
28580,NO
24646,NO
13236,NO
43590,NO
21802,NO
22204,NO
41240,NO
27307,YES
19557,YES
40606,NO
36096,NO
40393,YES
28360,NO
16092,NO
15310,NO
31316,NO
25829,YES
28029,YES
13977,YES
7666,NO
8537,YES
30747,YES
28589,YES
40187,YES
35418,NO
43129,YES
40998,NO
25057,YES
2056,NO
38083,YES
11243,YES
39954,NO
36723,YES
8311,YES
20731,YES
33505,YES
21355,YES
24787,YES
34170,NO
33267,YES
38439,YES
27020,NO
13071,YES
36010,NO
6754,NO
33186,NO
30369,YES
36207,YES
9910,NO
13746,NO
29406,NO
33722,NO
20313,YES
14198,NO
30751,YES
20903,YES
10065,YES
30903,YES
12874,NO
29635,YES
28764,NO
11813,YES
39520,NO
42159,YES
19469,YES
24801,YES
13912,NO
12907,YES
21621,YES
645,YES
17856,NO
28164,NO
32522,NO
5904,NO
27300,NO
43940,NO
20259,YES
43597,YES
31488,NO
43957,YES
13896,NO
38256,NO
1394,NO
22213,YES
61,YES
22409,YES
36569,YES
21894,NO
29260,NO
11688,NO
1863,YES
13162,NO
28050,NO
19001,YES
22828,NO
20449,YES
35633,YES
29570,NO
19956,NO
3077,YES
15367,YES
22356,NO
31193,YES
31326,NO
12443,YES
16069,YES
24852,NO
20039,YES
13271,YES
5821,YES
34257,YES
347,YES
20810,NO
40471,YES
26268,NO
33249,YES
31235,YES
25456,NO
37117,YES
18953,YES
4216,NO
29565,YES
185,YES
10787,YES
19535,YES
28942,NO
4329,YES
16131,YES
6351,YES
29311,YES
18394,NO
23476,NO
19721,YES
18550,NO
3477,YES
10849,YES
8908,NO
36710,NO
18558,NO
7920,NO
35932,NO
8054,NO
41416,NO
38888,NO
9841,YES
27064,NO
42636,NO
40754,NO
37163,YES
22287,YES
32203,YES
9462,NO
43159,YES
35591,YES
11626,NO
10772,NO
8642,NO
7797,YES
30586,NO
16784,NO
37253,YES
10704,NO
29875,YES
10056,NO
3018,NO
36204,NO
17173,YES
8525,YES
7969,YES
11096,NO
39633,YES
33897,YES
43216,NO
4811,YES
29689,YES
11798,NO
10667,YES
23525,YES
19090,NO
40052,NO
17648,NO
39744,NO
31696,NO
20869,YES
36286,NO
32865,YES
1423,YES
42476,NO
23849,YES
12323,YES
26706,NO
26286,NO
41241,YES
30590,NO
6277,YES
5085,YES
11656,NO
22512,NO
40125,YES
25489,YES
10214,NO
10545,YES
25474,NO
41275,YES
28346,NO
20246,NO
5651,YES
23515,YES
7515,YES
1573,YES
23637,YES
14867,YES
32517,YES
12455,YES
27426,NO
37097,YES
28247,YES
7015,YES
31140,NO
28168,NO
31632,NO
3670,NO
8818,NO
7402,NO
26131,YES
4323,YES
15918,NO
28849,YES
23597,YES
3660,NO
35333,YES
14606,NO
21590,NO
38470,NO
20340,NO
14428,NO
24343,YES
43019,YES
40407,YES
37000,NO
29054,NO
17184,NO
19476,NO
2692,NO
15281,YES
34248,NO
3756,NO
30100,NO
25211,YES
34021,YES
11342,NO
22136,NO
17420,NO
26319,YES
36385,YES
15847,YES
7070,NO
40789,YES
40592,NO
40627,YES
37079,YES
25022,NO
27815,YES
38164,NO
2810,NO
6260,NO
21466,NO
30330,NO
26953,YES
35055,YES
2675,YES
5106,NO
39029,YES
12308,NO
19466,NO
7368,NO
24575,YES
7415,YES
21566,NO
36143,YES
39121,YES
43410,NO
12856,NO
43109,YES
32495,YES
38374,NO
15190,NO
30753,YES
24677,YES
10013,YES
12070,NO
352,NO
30604,NO
7196,NO
26907,YES
22643,YES
30478,NO
9435,YES
26947,YES
27272,NO
15515,YES
10436,NO
33618,NO
37527,YES
1663,YES
17224,NO
32635,YES
26530,NO
9621,YES
43336,NO
13569,YES
40076,NO
7553,YES
39854,NO
11878,NO
38597,YES
917,YES
1403,YES
20816,NO
36186,NO
25749,YES
38032,NO
2329,YES
27989,YES
2865,YES
34652,NO
15252,NO
14356,NO
705,YES
17509,YES
18850,NO
31389,YES
7957,YES
43342,NO
5594,NO
8963,YES
18876,NO
8611,YES
41053,YES
19990,NO
25259,YES
41809,YES
11061,YES
33927,YES
9846,NO
36995,YES
22692,NO
13525,YES
14831,YES
37341,YES
34078,NO
22263,YES
13411,YES
34161,YES
43894,NO
14715,YES
5401,YES
9479,YES
11992,NO
32622,NO
38579,YES
32451,YES
18868,NO
40557,YES
18878,NO
31463,YES
42162,NO
19102,NO
24915,YES
6648,NO
3298,NO
40344,NO
41229,YES
43225,YES
30413,YES
11395,YES
36323,YES
20112,NO
23552,NO
14070,NO
43821,YES
41146,NO
13166,NO
15018,NO
5446,NO
10684,NO
38331,YES
570,NO
20632,NO
13231,YES
37051,YES
32384,NO
31039,YES
9536,NO
8575,YES
42116,NO
11586,NO
9028,NO
40521,YES
34719,YES
27366,NO
17934,NO
19534,NO
10813,YES
33341,YES
25138,NO
9960,NO
28315,YES
23429,YES
27046,NO
12826,NO
42068,NO
11174,NO
15560,NO
40242,NO
37717,YES
4171,YES
27528,NO
8199,YES
30357,YES
8645,YES
19379,YES
16863,YES
26696,NO
1515,YES
2844,NO
10177,YES
11581,YES
43300,NO
25647,YES
23214,NO
32167,YES
40150,NO
4090,NO
41535,YES
16168,NO
33114,NO
40044,NO
23242,NO
38861,YES
7322,NO
10804,NO
29617,YES
15691,YES
16285,YES
39090,NO
3330,NO
21344,NO
8017,YES
21874,NO
8125,YES
4312,NO
37511,YES
8771,YES
4906,NO
39278,NO
17758,NO
36275,YES
2704,NO
29229,YES
1996,NO
34373,YES
38777,YES
9412,NO
22786,NO
31057,YES
14293,YES
17138,NO
1371,YES
2331,YES
22994,NO
39093,YES
35761,YES
14207,YES
8756,NO
40442,NO
21171,YES
36153,YES
29286,NO
16377,YES
24860,NO
575,YES
28483,YES
20480,NO
12634,NO
43638,NO
39526,NO
27319,YES
11905,YES
34725,YES
23114,NO
22890,NO
20056,NO
39572,NO
15271,YES
43482,NO
13303,YES
25696,NO
42968,NO
33301,YES
34826,NO
40338,NO
14022,NO
15126,NO
17135,YES
10762,NO
41772,NO
18388,NO
35607,YES
7274,NO
14719,YES
24093,YES
37299,YES
27614,NO
10565,YES
21148,NO
19957,YES
25494,NO
7472,NO
27937,YES
4819,YES
7674,NO
33955,YES
25624,NO
4372,NO
35873,YES
11933,YES
37518,NO
2739,YES
7340,NO
6285,YES
2400,NO
12221,YES
21568,NO
3482,NO
16047,YES
19798,NO
35879,YES
37011,YES
16223,YES
2488,NO
30972,NO
21391,YES
21210,NO
37155,YES
5329,YES
9350,NO
39159,YES
2392,NO
38348,NO
10687,YES
38567,YES
39253,YES
9789,YES
15643,YES
18956,NO
19444,NO
43553,YES
1079,YES
39240,NO
33049,YES
943,YES
8356,NO
15051,YES
16909,YES
14088,NO
7227,YES
32239,YES
36388,NO
36579,YES
41066,NO
40646,NO
716,NO
38572,NO
31413,YES
13418,NO
6661,YES
4143,YES
11812,NO
5905,YES
9029,YES
6637,YES
32128,NO
33487,YES
43593,YES
30497,YES
38379,YES
42036,NO
21281,YES
148,NO
10392,NO
16389,YES
14447,YES
40813,YES
40733,YES
19862,NO
29959,YES
19496,NO
3836,NO
2387,YES
40065,YES
310,NO
21719,YES
11922,NO
16138,NO
31144,NO
12052,NO
3396,NO
36346,NO
5288,NO
6684,NO
33540,NO
37032,NO
13127,YES
20392,NO
29677,YES
26932,NO
30989,YES
33258,NO
36041,YES
13447,YES
18119,YES
17433,YES
28855,YES
17440,NO
23884,NO
40340,NO
11321,YES
16254,NO
37268,NO
16554,NO
39728,NO
40622,NO
39584,NO
28391,YES
16475,YES
9020,NO
18815,YES
14654,NO
34520,NO
24510,NO
22601,YES
12284,NO
13320,NO
34890,NO
12808,NO
4692,NO
18266,NO
43686,NO
30318,NO
36588,NO
4454,NO
13882,NO
40304,NO
12945,YES
4677,YES
6892,NO
24100,NO
33898,NO
37443,YES
11739,YES
19146,NO
32418,NO
22674,NO
6097,YES
7365,YES
13749,YES
14132,NO
728,NO
7287,YES
32641,YES
541,YES
16301,YES
23790,NO
3727,YES
7658,NO
10134,NO
22932,NO
27259,YES
8118,NO
10577,YES
38587,YES
42480,NO
14726,NO
32103,YES
3874,NO
23903,YES
18573,YES
18856,NO
11675,YES
4523,YES
4042,NO
10583,YES
21531,YES
6315,YES
39443,YES
39432,NO
17149,YES
24169,YES
18396,NO
42651,YES
1914,NO
18894,NO
25591,YES
38037,YES
39589,YES
10938,NO
37692,NO
7999,YES
31620,NO
42878,NO
3898,NO
5492,NO
27085,YES
25589,YES
19004,NO
41909,YES
13488,NO
38162,NO
17518,NO
24652,NO
31979,YES
6206,NO
19559,YES
33014,NO
29045,YES
20144,NO
18343,YES
15340,NO
22872,NO
34976,NO
33632,NO
24544,NO
11924,NO
41263,YES
26988,NO
16097,YES
12850,NO
1629,YES
1527,YES
35623,YES
41945,YES
884,NO
15416,NO
15576,NO
40483,YES
17461,YES
4641,YES
6794,NO
23881,YES
11677,YES
8875,YES
31552,NO
2937,YES
15897,YES
43749,YES
27396,NO
24416,NO
18765,YES
33372,NO
27478,NO
32651,YES
38326,NO
13367,YES
10679,YES
37189,YES
20845,YES
27257,YES
38521,YES
9612,NO
24364,NO
31837,YES
4998,NO
5842,NO
34947,YES
43909,YES
41371,YES
30536,NO
31625,YES
37750,NO
32834,NO
35588,NO
21571,YES
21310,NO
11182,NO
29157,YES
10325,YES
28045,YES
24063,YES
17038,NO
35506,NO
25941,YES
19123,YES
26346,NO
20266,NO
34391,YES
31432,NO
13249,YES
12267,YES
2664,NO
27807,YES
19630,NO
32744,NO
15315,YES
41859,YES
15369,YES
23173,YES
18377,YES
31764,NO
17826,NO
21858,NO
8646,NO
2565,YES
196,NO
6635,YES
11125,YES
11504,NO
32317,YES
21345,YES
16578,NO
7355,YES
42872,NO
39202,NO
41652,NO
17837,YES
27800,NO
32270,NO
42639,YES
34619,YES
6617,YES
15341,YES
4116,NO
31103,YES
23461,YES
559,YES
20234,NO
29080,NO
30592,NO
28011,YES
34830,NO
13514,NO
39174,NO
36062,NO
8082,NO
24209,YES
6613,YES
4463,YES
40588,NO
1836,NO
26282,NO
19203,YES
42364,NO
38772,NO
13088,NO
37140,NO
28148,NO
38178,NO
43276,NO
26146,NO
39720,NO
8604,NO
31883,YES
34103,YES
32994,NO
6755,YES
26026,NO
12112,NO
3564,NO
33314,NO
37617,YES
2533,YES
28399,YES
16519,YES
16078,NO
28091,YES
6891,YES
30327,YES
8429,YES
491,YES
25381,YES
27413,YES
42427,YES
36399,YES
43620,NO
29008,NO
30045,YES
18971,YES
13707,YES
17488,NO
17719,YES
9642,NO
6016,NO
19000,NO
28647,YES
40177,YES
28203,YES
40151,YES
43540,NO
23754,NO
31419,YES
26334,NO
35620,NO
24494,NO
9525,YES
18585,YES
3602,NO
15161,YES
36551,YES
20522,NO
26226,NO
42532,NO
35821,YES
18869,YES
5587,YES
43868,NO
9052,NO
5201,YES
24583,YES
24698,NO
10776,NO
26714,NO
30199,YES
38390,NO
22113,YES
25697,YES
2837,YES
25320,NO
17403,YES
20301,YES
9027,YES
31540,NO
37431,YES
32271,YES
12378,NO
22350,NO
4322,NO
32831,YES
42245,YES
37550,NO
17451,YES
33901,YES
39727,YES
18148,NO
12365,YES
12131,YES
6683,YES
36764,NO
33983,YES
4413,YES
42154,NO
13841,YES
5448,NO
12640,NO
20763,YES
38915,YES
20085,YES
15645,YES
5915,YES
38344,NO
27759,YES
21303,YES
36686,NO
5168,NO
37484,NO
42637,YES
4466,NO
37822,NO
21555,YES
32770,NO
43924,NO
34045,YES
29725,YES
10063,YES
17333,YES
19439,YES
41778,NO
23229,YES
11453,YES
7715,YES
38184,NO
30245,YES
28318,NO
15293,YES
12337,YES
5597,YES
40490,NO
27440,NO
32866,NO
36179,YES
7175,YES
2327,YES
11397,YES
906,NO
15129,YES
12880,NO
42745,YES
33669,YES
36730,NO
18327,YES
7547,YES
22736,NO
25465,YES
24285,YES
9674,NO
617,YES
41182,NO
27343,YES
36040,NO
8612,NO
25126,NO
14399,YES
32319,YES
737,YES
2460,NO
10338,NO
20437,YES
31459,YES
34398,NO
15313,YES
5022,NO
39110,NO
22241,YES
37412,NO
15876,NO
17997,YES
23868,NO
9217,YES
9618,NO
41069,YES
42861,YES
41318,NO
31395,YES
17530,NO
23592,NO
43722,NO
17585,YES
36669,YES
10256,NO
19799,YES
11299,YES
5880,NO
12575,YES
4654,NO
8393,YES
8636,NO
29026,NO
9979,YES
12437,YES
33039,YES
9164,NO
19894,NO
3519,YES
43973,YES
29430,NO
24643,YES
30463,YES
6458,NO
4495,YES
11791,YES
33246,NO
19881,YES
5685,YES
3188,NO
23130,NO
38018,NO
24374,NO
37742,NO
19726,NO
20397,YES
232,NO
28286,NO
1037,YES
37312,NO
14429,YES
32233,YES
42454,NO
12787,YES
25998,NO
30089,YES
8793,YES
37311,YES
40288,NO
4121,YES
14374,NO
3716,NO
11740,NO
33396,NO
3488,NO
39250,NO
5205,YES
23367,YES
7788,NO
42442,NO
16900,NO
5693,YES
22898,NO
19254,NO
432,NO
23250,NO
4633,YES
17392,NO
14315,YES
42288,NO
17237,YES
18663,YES
37849,YES
41207,YES
34993,YES
28260,NO
12727,YES
4354,NO
3259,YES
11396,NO
33185,YES
31818,NO
31728,NO
37306,NO
8239,YES
18761,YES
20118,NO
39262,NO
4035,YES
12164,NO
9946,NO
31561,YES
34690,NO
12000,NO
31903,YES
10827,YES
10153,YES
7233,YES
15218,NO
39623,YES
7763,YES
37868,NO
16207,YES
7202,NO
41140,NO
3806,NO
39523,YES
40730,NO
43910,NO
42190,NO
33921,YES
34973,YES
42067,YES
7171,YES
13854,NO
41158,NO
913,YES
43066,NO
6884,NO
23756,NO
35500,NO
24861,YES
13258,NO
4883,YES
22174,NO
32067,YES
40551,YES
18602,NO
25607,YES
36317,YES
6093,YES
1548,NO
16639,YES
18976,NO
38315,YES
13,YES
23632,NO
11122,NO
34694,NO
16617,YES
21102,NO
9206,NO
42319,YES
15497,YES
24148,NO
16278,NO
14801,YES
9834,NO
34223,YES
3951,YES
34548,NO
33260,NO
31966,NO
27644,NO
40122,NO
6533,YES
43488,NO
19556,NO
1986,NO
1817,YES
15170,NO
23537,YES
13131,YES
710,NO
4431,YES
34207,YES
35156,NO
23670,NO
15803,YES
27945,YES
34440,NO
37718,NO
18987,YES
42681,YES
24563,YES
21270,NO
42340,NO
2530,NO
18581,YES
5774,NO
3098,NO
38373,YES
4627,YES
24769,YES
42070,NO
34790,NO
43703,YES
1489,YES
8040,NO
1180,NO
38133,YES
4592,NO
35207,YES
11468,NO
34859,YES
19712,NO
40348,NO
1161,YES
26849,YES
18347,YES
12379,YES
4016,NO
11979,YES
10672,NO
37093,YES
28037,YES
27552,NO
8141,YES
33957,YES
23481,YES
38663,YES
32297,YES
12147,YES
37179,YES
42755,YES
8109,YES
22339,YES
37733,YES
16802,NO
18495,YES
21859,YES
32163,YES
15219,YES
817,YES
17684,NO
16446,NO
37110,NO
15993,YES
5564,NO
264,NO
22012,NO
2687,YES
2909,YES
23296,NO
30624,NO
21372,NO
28136,NO
38657,YES
31369,YES
27013,YES
35691,YES
14842,NO
34488,NO
7703,YES
31817,YES
41703,YES
17796,NO
13479,YES
11443,YES
36512,NO
1774,NO
42256,NO
40744,NO
33472,NO
15409,YES
3653,YES
34940,NO
39433,YES
24480,NO
42254,NO
7690,NO
5120,NO
7006,NO
27982,NO
4392,NO
6307,YES
4749,YES
22441,YES
41481,YES
18609,YES
35581,YES
26391,YES
39045,YES
7301,YES
21065,YES
40509,YES
17164,NO
24650,NO
12362,NO
17710,NO
8486,NO
3647,YES
29539,YES
12336,NO
30390,NO
10716,NO
3280,NO
37008,NO
39266,NO
21044,NO
21749,YES
15729,YES
32957,YES
17579,YES
19399,YES
33107,YES
20999,YES
27819,YES
29255,YES
31269,YES
7308,NO
11114,NO
16174,NO
38757,YES
15260,NO
6782,NO
19984,NO
12071,YES
31629,YES
41035,YES
21447,YES
1524,NO
34399,YES
15962,NO
6906,NO
6776,NO
19656,NO
8368,NO
21545,YES
15660,NO
39318,NO
8734,NO
4429,YES
11264,NO
7977,YES
28493,YES
35551,YES
2049,YES
23964,NO
34026,NO
7223,YES
24051,YES
32069,YES
7353,YES
9184,NO
4395,YES
36754,NO
32445,YES
34190,NO
9878,NO
19303,YES
24961,YES
25490,NO
35344,NO
13444,NO
21481,YES
17881,YES
41163,YES
35484,NO
18574,NO
21617,YES
5849,YES
31159,YES
20185,YES
38570,NO
37960,NO
21029,YES
42866,NO
23146,NO
14045,YES
4389,YES
475,YES
181,YES
21238,NO
28027,YES
9752,NO
40846,NO
40965,YES
4913,YES
21605,YES
23824,NO
17801,YES
23280,NO
15441,YES
26116,NO
24947,YES
25828,NO
26729,YES
36962,NO
12505,YES
9425,YES
37077,YES
35200,NO
20642,NO
33008,NO
25718,NO
17079,YES
4549,YES
43811,YES
38900,NO
3043,YES
317,YES
43789,YES
29770,NO
25424,NO
10808,NO
17541,YES
20194,NO
3568,NO
13435,YES
21186,NO
22625,YES
39968,NO
27722,NO
4476,NO
5689,YES
21574,NO
41848,NO
1791,YES
29010,NO
12992,NO
38324,NO
18995,YES
1369,YES
35061,YES
6069,YES
7230,NO
23041,YES
36410,NO
10050,NO
5883,YES
37618,NO
32053,YES
13226,NO
26280,NO
4699,YES
13332,NO
42710,NO
26885,YES
41009,YES
2146,NO
9404,NO
4246,NO
29631,YES
34912,NO
8498,NO
4940,NO
41647,YES
38213,YES
34275,YES
25028,NO
43664,NO
28847,YES
29552,NO
13547,YES
36898,NO
24408,NO
15721,YES
16919,YES
3019,YES
27156,NO
28517,YES
25766,NO
27378,NO
4478,NO
616,NO
13548,NO
36828,NO
26900,NO
36845,YES
8912,NO
17582,NO
5180,NO
26964,NO
26165,YES
4011,YES
8209,YES
26043,YES
29309,YES
32653,YES
14131,YES
18011,YES
18055,YES
26757,YES
33988,NO
31996,NO
6530,NO
25261,YES
9174,NO
31607,YES
18625,YES
6451,YES
27285,YES
36862,NO
11882,NO
36877,YES
43679,YES
19563,YES
20941,YES
1005,YES
41780,NO
14377,YES
12695,YES
14928,NO
9443,YES
18290,NO
43834,NO
43297,YES
35127,YES
26015,YES
24856,NO
9591,YES
30893,YES
13561,YES
18043,YES
33538,NO
22705,YES
12703,YES
8072,NO
18557,YES
37666,NO
16011,YES
31006,NO
35789,YES
37034,NO
8108,NO
9129,YES
4154,NO
15659,YES
25913,YES
27516,NO
1031,YES
4319,YES
3637,YES
39044,NO
28263,YES
10231,YES
22675,YES
16596,NO
9567,YES
31483,YES
22077,YES
41959,YES
42115,YES
23442,NO
21776,NO
1502,NO
33297,YES
41333,YES
43852,NO
10917,YES
1459,YES
42786,NO
42104,NO
17244,NO
31322,NO
20573,YES
39471,YES
26013,YES
41581,YES
11006,NO
6814,NO
26269,YES
11940,NO
34181,YES
3560,NO
19468,NO
21156,NO
13014,NO
10892,NO
39434,NO
25782,NO
14287,YES
26551,YES
2172,NO
3589,YES
3350,NO
41842,NO
40419,YES
16656,NO
38970,NO
11583,YES
16296,NO
12533,YES
9992,NO
12519,YES
22358,NO
16045,YES
4403,YES
11799,YES
21794,NO
13487,YES
18801,YES
34582,NO
40985,YES
14977,YES
4268,NO
17083,YES
40973,YES
5460,NO
38009,YES
507,YES
1202,NO
8440,NO
15280,NO
38753,YES
41924,NO
16159,YES
3582,NO
26779,YES
22167,YES
18160,NO
13507,YES
15020,NO
12103,YES
476,NO
16023,YES
6789,YES
31218,NO
43840,NO
14178,NO
20018,NO
17804,NO
4138,NO
2585,YES
417,YES
27771,YES
4445,YES
5605,YES
29610,NO
14338,NO
3917,YES
23289,YES
23792,NO
43292,NO
10599,YES
22770,NO
7192,NO
25391,YES
37158,NO
15118,NO
13337,YES
18356,NO
32535,YES
37804,NO
38260,NO
33307,YES
27530,NO
31752,NO
21078,NO
29537,YES
5751,YES
12692,NO
11835,YES
36099,YES
25800,NO
31792,NO
20844,NO
36557,YES
42208,NO
42343,YES
1845,YES
16412,NO
35088,NO
31600,NO
28127,YES
23804,NO
30352,NO
40568,NO
39068,NO
38836,NO
11641,YES
19648,NO
39697,YES
38273,YES
29476,NO
19377,YES
19033,YES
30216,NO
14847,YES
25477,YES
11221,YES
771,YES
1658,NO
4001,YES
10559,YES
10939,YES
30768,NO
29378,NO
18941,YES
28990,NO
16341,YES
26213,YES
4886,NO
39105,YES
9325,YES
6472,NO
1625,YES
11419,YES
25656,NO
24163,YES
25658,NO
14141,YES
11120,NO
19260,NO
35017,YES
42721,YES
9843,YES
22140,NO
28382,NO
19177,YES
34584,NO
38002,NO
33865,YES
41985,YES
37632,NO
35439,YES
699,YES
41261,YES
2198,NO
40816,NO
6781,YES
24637,YES
39075,YES
3994,NO
20028,NO
30572,NO
23892,NO
31768,NO
26365,YES
7791,YES
40806,NO
37220,NO
28512,NO
42622,NO
1978,NO
15146,NO
41034,NO
11590,NO
14304,NO
31746,NO
31164,NO
20051,YES
23348,NO
22297,YES
32521,YES
40345,YES
16938,NO
25316,NO
34721,YES
26381,YES
10130,NO
36427,YES
29561,YES
39675,YES
17165,YES
24821,YES
16372,NO
17836,NO
157,YES
22199,YES
1078,NO
36675,YES
35624,NO
16607,YES
42889,YES
10219,YES
27726,NO
10932,NO
13686,NO
23320,NO
30108,NO
33244,NO
39407,YES
6253,YES
37462,NO
10308,NO
31956,NO
2705,YES
26549,YES
11873,YES
13097,YES
32352,NO
30470,NO
17150,NO
62,NO
15735,YES
1846,NO
14059,YES
14091,YES
17117,YES
34376,NO
8692,NO
26006,NO
27235,YES
4036,NO
14297,YES
21777,YES
32044,NO
30396,NO
37930,NO
29534,NO
13915,YES
41774,NO
13705,YES
9653,YES
29281,YES
3634,NO
13119,YES
11022,NO
28115,YES
13824,NO
43733,YES
22842,NO
10425,YES
12326,NO
10437,YES
16299,YES
19693,YES
19265,YES
12755,YES
24533,YES
10853,YES
9319,YES
22001,YES
42621,YES
18783,YES
9740,NO
34245,YES
4456,NO
25063,YES
8093,YES
30294,NO
33309,YES
3552,NO
21085,YES
2906,NO
1967,YES
9644,NO
979,YES
18161,YES
42807,YES
40610,NO
39282,NO
12477,YES
29163,YES
8728,NO
38803,YES
15266,NO
34012,NO
18076,NO
40234,NO
11326,NO
15180,NO
6548,NO
22514,NO
15273,YES
3738,NO
41316,NO
18443,YES
30024,NO
29573,YES
35373,YES
40723,YES
4296,NO
43804,NO
39840,NO
33453,YES
43770,NO
43614,NO
14754,NO
43065,YES
43344,NO
13710,NO
14200,NO
22305,YES
38870,NO
34404,NO
36156,NO
30158,NO
7619,YES
2352,NO
19128,NO
41355,YES
42988,NO
41202,NO
24956,NO
3177,YES
35733,YES
4885,YES
42315,YES
9048,NO
42221,YES
10202,NO
18261,YES
1309,YES
14197,YES
24477,YES
27281,YES
37458,NO
4978,NO
34422,NO
12353,YES
22953,YES
5521,YES
2966,NO
16137,YES
34569,YES
16130,NO
18630,NO
15408,NO
12708,NO
30641,YES
14127,YES
16020,NO
23931,YES
17453,YES
1381,YES
28345,YES
19348,NO
25439,YES
17551,YES
13506,NO
9347,YES
3837,YES
2740,NO
30480,NO
41605,YES
42158,NO
20854,NO
4989,YES
33227,YES
2158,NO
26441,YES
21353,YES
32356,NO
1964,NO
18455,YES
8493,YES
40685,YES
16619,YES
12364,NO
19723,YES
6349,YES
22594,NO
25317,YES
21199,YES
9552,NO
10881,YES
43369,YES
28230,NO
18066,NO
6136,NO
2556,NO
35311,YES
14353,YES
16793,YES
234,NO
30865,YES
25969,YES
38399,YES
37414,NO
41521,YES
20953,YES
36076,NO
31637,YES
3892,NO
13191,YES
3181,YES
4542,NO
16114,NO
8011,YES
15342,NO
38116,NO
12690,NO
3852,NO
14679,YES
24042,NO
8674,NO
20193,YES
35370,NO
21745,YES
38631,YES
39322,NO
5231,YES
21962,NO
13159,YES
33425,YES
40388,NO
35045,YES
16496,NO
27320,NO
35650,NO
1924,NO
10875,YES
35319,YES
38701,YES
22737,YES
16969,YES
42643,YES
22606,NO
28371,YES
30289,YES
12372,NO
27988,NO
33820,NO
14978,NO
43667,YES
26453,YES
11840,NO
10710,NO
5719,YES
29177,YES
17640,NO
14895,YES
26703,YES
37098,NO
21549,YES
5644,NO
30770,NO
7378,NO
1743,YES
29953,YES
40796,NO
31319,YES
13208,NO
35214,NO
18213,YES
4137,YES
16483,YES
6062,NO
29753,YES
24931,YES
29759,YES
33492,NO
35967,YES
43976,NO
27778,NO
34303,YES
36630,NO
16093,YES
18569,YES
30574,NO
38801,YES
32772,NO
38532,NO
13850,NO
37428,NO
22192,NO
22833,YES
20574,NO
33152,NO
40363,YES
11918,NO
12161,YES
5623,YES
18979,YES
39543,YES
40697,YES
40614,NO
32872,NO
3186,NO
17003,YES
7605,YES
33009,YES
36674,NO
2052,NO
21259,YES
38816,NO
20047,YES
4227,YES
18855,YES
24579,YES
26773,YES
19014,NO
41220,NO
26424,NO
37929,YES
36048,NO
36072,NO
31063,YES
41441,YES
12982,NO
17570,NO
43641,YES
27136,NO
34434,NO
38699,YES
8410,NO
39597,YES
6511,YES
20022,NO
22353,YES
37570,NO
21497,YES
3584,NO
26074,NO
30805,YES
34288,NO
33141,YES
17708,NO
33951,YES
29905,YES
3490,NO
1722,NO
14455,YES
28883,YES
32737,YES
13655,YES
36972,NO
1140,NO
23620,NO
18214,NO
38945,YES
33619,YES
27372,NO
34102,NO
602,NO
37020,NO
27367,YES
37647,YES
18328,NO
25411,YES
25065,YES
25409,YES
32921,YES
25883,YES
30146,NO
34030,NO
4582,NO
19911,YES
1872,NO
6670,NO
26836,NO
7835,YES
26919,YES
15831,YES
5047,YES
23716,NO
2611,YES
18879,YES
10289,YES
22491,YES
30535,YES
5162,NO
38141,YES
23575,YES
484,NO
26323,YES
25332,NO
20738,NO
21573,YES
3503,YES
4892,NO
37409,YES
27718,NO
39769,YES
7923,YES
20605,YES
21160,NO
38922,NO
27050,NO
2962,NO
342,NO
30465,YES
43409,YES
29549,YES
12196,NO
21824,NO
1493,YES
36929,YES
23774,NO
25226,NO
22579,YES
12556,NO
28060,NO
3214,NO
30587,YES
13831,YES
36373,YES
493,YES
22249,YES
27363,YES
15621,YES
38335,YES
41131,YES
42370,NO
30710,NO
29039,YES
28012,NO
10100,NO
1703,YES
23118,NO
13454,NO
19427,YES
43393,YES
13105,YES
12630,NO
14774,NO
25671,YES
8348,NO
18903,YES
25887,YES
42580,NO
36249,YES
35867,YES
36302,NO
18810,NO
10867,YES
16683,YES
35580,NO
878,NO
13844,NO
18252,NO
679,YES
41987,YES
36883,YES
22978,NO
32989,YES
35981,YES
40853,YES
14535,YES
16147,YES
201,YES
15741,YES
3616,NO
34637,YES
38249,YES
14749,YES
1056,NO
41582,NO
17299,YES
2495,YES
39502,NO
29038,NO
18946,NO
3171,YES
33116,NO
34372,NO
5346,NO
1376,NO
22874,NO
15794,NO
13227,YES
23974,NO
31609,YES
10908,NO
29528,NO
39462,NO
6020,NO
4501,YES
11185,YES
26409,YES
20158,NO
31684,NO
20164,NO
30499,YES
27309,YES
33776,NO
2367,YES
37890,NO
40679,YES
29568,NO
38763,YES
18607,YES
26922,NO
1693,YES
15770,NO
42625,YES
20508,NO
14661,YES
21510,NO
12704,NO
33943,YES
20943,YES
36454,NO
19973,YES
33411,YES
19081,YES
27279,YES
43422,NO
38834,NO
40188,NO
39281,YES
26687,YES
12601,YES
3205,YES
5544,NO
36905,YES
40306,NO
12551,YES
12063,YES
26285,YES
10520,NO
3401,YES
31683,YES
26236,NO
13869,YES
39305,YES
43896,NO
17928,NO
33243,YES
35787,YES
17046,NO
1251,YES
7743,YES
34567,YES
17757,YES
6003,YES
35728,NO
21077,YES
15301,YES
5372,NO
1604,NO
31386,NO
42583,YES
19188,NO
11912,NO
30915,YES
39096,NO
21625,YES
20782,NO
18305,YES
26700,NO
41885,YES
520,NO
4101,YES
17884,NO
34679,YES
12226,NO
22798,NO
31068,NO
19334,NO
16325,YES
22811,YES
692,NO
25514,NO
1888,NO
9185,YES
31101,YES
16456,NO
38188,NO
21491,YES
42344,NO
1621,YES
22438,NO
9531,YES
27701,YES
41297,YES
18483,YES
17827,YES
10334,NO
28930,NO
8586,NO
41869,YES
8322,NO
24680,NO
40440,NO
17251,YES
9935,YES
37534,NO
28028,NO
31338,NO
33882,NO
42779,YES
22146,NO
13582,NO
3333,YES
42324,NO
29693,YES
401,YES
41242,NO
24667,YES
23385,YES
27332,NO
24731,YES
40861,YES
38068,NO
8996,NO
19561,YES
759,YES
42926,NO
22173,YES
20870,NO
30695,YES
17672,NO
31836,NO
24718,NO
31772,NO
2507,YES
5219,YES
7660,NO
30179,YES
33158,NO
43971,YES
43810,NO
19027,YES
4635,YES
2779,YES
40269,YES
38007,YES
14643,YES
12588,NO
8074,NO
39587,YES
13500,NO
15802,NO
11763,YES
33668,NO
34198,NO
26362,NO
36770,NO
35391,YES
40320,NO
30527,YES
21321,YES
2295,YES
162,NO
19690,NO
21309,YES
14789,YES
38641,YES
2334,NO
13913,YES
30803,YES
24503,YES
20494,NO
40712,NO
27356,NO
13511,YES
36386,NO
28915,YES
14711,YES
19296,NO
6030,NO
34578,NO
23822,NO
26761,YES
13177,YES
18325,YES
11987,YES
38586,NO
803,YES
16287,YES
13300,NO
37687,YES
12024,NO
12167,YES
32211,YES
33058,NO
13530,NO
15566,NO
43716,NO
3609,YES
32298,NO
11822,NO
23827,YES
29248,NO
38130,NO
30876,NO
32571,YES
38203,YES
41129,YES
12227,YES
17936,NO
11767,YES
514,NO
18169,YES
26535,YES
11123,YES
16269,YES
39243,YES
31901,YES
5320,NO
15924,NO
22036,NO
10404,NO
9596,NO
38429,YES
8564,NO
39340,NO
24752,NO
26893,YES
80,NO
39107,YES
11563,YES
11375,YES
21698,NO
7863,YES
18938,NO
32723,YES
3540,NO
18009,YES
8349,YES
8764,NO
39845,YES
29331,YES
4167,YES
26561,YES
23064,NO
33694,NO
14898,NO
7555,YES
31495,YES
21509,YES
24776,NO
12036,NO
40776,NO
26396,NO
40625,YES
23181,YES
42616,NO
33063,YES
16351,YES
26629,YES
32964,NO
42255,YES
25967,YES
19096,NO
66,NO
35892,NO
4769,YES
33553,YES
29108,NO
30682,NO
10698,NO
26648,NO
17474,NO
19665,YES
19330,NO
38821,YES
12244,NO
21132,NO
40709,YES
15035,YES
28089,YES
33613,YES
35220,NO
41046,NO
11177,YES
8051,YES
12463,YES
6612,NO
17739,YES
23663,YES
40430,NO
31930,NO
31946,NO
22551,YES
3361,YES
3675,YES
10246,NO
17375,YES
8362,NO
25031,YES
28793,YES
24073,YES
21202,NO
34203,YES
37562,NO
8843,YES
16217,YES
14934,NO
41926,NO
9865,YES
18238,NO
8106,NO
8794,NO
1268,NO
42511,YES
6172,NO
20014,NO
20248,NO
41962,NO
37202,NO
42336,NO
9917,YES
21308,NO
23070,NO
41754,NO
29125,YES
2437,YES
20447,YES
12761,YES
6598,NO
35166,NO
29783,YES
34405,YES
14581,YES
31916,NO
24038,NO
30392,NO
41130,NO
29775,YES
10162,NO
5595,YES
29844,NO
15430,NO
15034,NO
22424,NO
23454,NO
18274,NO
19740,NO
9054,NO
28999,YES
27655,YES
39238,NO
12780,NO
39422,NO
25830,NO
4259,YES
13297,YES
26055,YES
20177,YES
13572,NO
36245,YES
18808,NO
1013,YES
34485,YES
1762,NO
30164,NO
29288,NO
28108,NO
14703,YES
40543,YES
4102,NO
8473,YES
43373,YES
21847,YES
32731,YES
11551,YES
12293,YES
11274,NO
33530,NO
11584,NO
4432,NO
31686,NO
4751,YES
32667,YES
27542,NO
36727,YES
36335,YES
2503,YES
22767,YES
11265,YES
38171,YES
12028,NO
28161,YES
24173,YES
38234,NO
38282,NO
33592,NO
22699,YES
26905,YES
32711,YES
12454,NO
4451,YES
31084,NO
6024,NO
7425,YES
9793,YES
36081,YES
31896,NO
10223,YES
20136,NO
24981,YES
39863,YES
38838,NO
6258,NO
20613,YES
1083,YES
26408,NO
10622,NO
33147,YES
19470,NO
14080,NO
901,YES
6087,YES
35880,NO
16461,YES
10891,YES
7444,NO
4088,NO
4912,NO
35301,YES
33210,NO
35300,NO
19424,NO
1169,YES
21708,NO
32223,YES
31345,YES
26557,YES
3112,NO
10479,YES
12116,NO
32911,YES
13126,NO
12657,YES
34643,YES
8357,YES
24945,YES
3698,NO
27817,YES
10505,YES
30175,YES
19824,NO
43905,YES
11498,NO
29367,YES
41151,YES
1220,NO
30168,NO
1670,NO
18738,NO
11063,YES
29702,NO
27288,NO
26871,YES
31778,NO
31879,YES
35831,YES
2196,NO
20089,YES
20415,YES
28631,YES
9033,YES
1018,NO
1159,YES
3521,YES
17351,YES
43775,YES
33981,YES
29279,YES
7387,YES
18577,YES
16972,NO
33996,NO
25401,YES
34354,NO
31352,NO
13741,YES
7373,YES
17979,YES
19329,YES
23784,NO
2045,YES
5887,YES
26597,YES
19916,NO
10146,NO
4835,YES
1860,NO
42694,NO
10383,YES
43371,YES
34836,NO
24126,NO
36411,YES
16614,NO
31941,YES
5370,NO
24891,YES
21564,NO
38047,YES
33072,NO
39024,NO
14773,YES
36868,NO
14151,YES
5217,YES
41422,NO
38389,YES
17181,YES
20328,NO
33721,YES
13228,NO
28648,NO
27598,NO
16297,YES
43798,NO
39642,NO
35034,NO
41063,YES
1664,NO
36680,NO
37040,NO
31755,YES
40485,YES
29348,NO
18752,NO
12245,YES
39055,YES
7838,NO
6828,NO
25218,NO
18494,NO
29557,YES
38923,YES
21233,YES
11886,NO
12171,YES
41954,NO
8995,YES
12413,YES
4720,NO
628,NO
11454,NO
21587,YES
29855,YES
10517,YES
20444,NO
25894,NO
33366,NO
34023,YES
21643,YES
10718,NO
43098,NO
229,YES
1788,NO
35160,NO
24873,YES
5351,YES
20864,NO
35280,NO
20564,NO
34953,YES
18542,NO
20461,YES
5517,YES
15387,YES
9017,YES
22208,NO
30820,NO
183,YES
23739,YES
32487,YES
33954,NO
5182,NO
43532,NO
5055,YES
3891,YES
13661,YES
33429,YES
22032,NO
4031,YES
29364,NO
15287,YES
12527,YES
40194,NO
27689,YES
13312,NO
36996,NO
17855,YES
1660,NO
43077,YES
12324,NO
33125,YES
20351,YES
6494,NO
17282,NO
5233,YES
8578,NO
18605,YES
33781,YES
42512,NO
16226,NO
1085,YES
23231,YES
926,NO
36985,YES
5997,YES
26288,NO
31476,NO
7583,YES
20616,NO
3962,NO
2002,NO
228,NO
22045,YES
19061,YES
18708,NO
32551,YES
30801,YES
20970,NO
41192,NO
29597,YES
2613,YES
17772,NO
24906,NO
22294,NO
911,YES
33908,NO
5352,NO
42503,YES
42081,YES
3096,NO
32558,NO
6609,YES
32791,YES
37353,YES
37529,YES
30785,YES
43533,YES
42259,YES
33949,YES
3916,NO
30694,NO
15886,NO
37226,NO
14988,NO
16205,YES
17956,NO
3804,NO
41381,YES
9037,YES
42790,NO
6957,YES
8760,NO
19994,NO
19268,NO
36377,YES
20621,YES
39370,NO
8927,YES
28795,YES
24512,NO
36847,YES
31785,YES
12783,YES
37074,NO
25846,NO
6926,NO
1419,YES
5410,NO
21570,NO
20103,YES
10365,YES
23374,NO
42977,YES
2947,YES
36129,YES
18512,NO
15460,NO
22134,NO
43324,NO
9944,NO
8937,YES
12739,YES
14130,NO
40297,YES
41183,YES
190,NO
32185,YES
34873,YES
43687,YES
4737,YES
13290,NO
9074,NO
412,NO
15291,YES
34540,NO
8470,NO
27877,YES
26503,YES
15309,YES
23501,YES
8865,YES
14810,NO
15994,NO
25460,NO
5384,NO
37477,YES
20125,YES
10475,YES
2572,NO
12143,YES
8628,NO
7665,YES
14392,NO
274,NO
6223,YES
7958,NO
42628,NO
42441,YES
5175,YES
1260,NO
6856,NO
39169,YES
22765,YES
42884,NO
28904,NO
2516,NO
22482,NO
13296,NO
38021,YES
9050,NO
5667,YES
32137,YES
32857,YES
15744,NO
35684,NO
27824,NO
20988,NO
32829,YES
27485,YES
17687,YES
5609,YES
37463,YES
34247,YES
592,NO
39058,NO
6662,NO
11481,YES
16726,NO
35481,YES
43759,YES
7237,YES
11407,YES
14805,YES
12560,NO
7790,NO
41245,YES
35792,NO
14052,NO
2797,YES
40300,NO
41044,NO
9390,NO
5695,YES
32605,YES
25040,NO
26826,NO
5967,YES
33549,YES
30825,YES
30711,YES
39157,YES
7194,NO
1698,NO
1948,NO
6397,YES
25060,NO
39591,YES
33928,NO
21084,NO
40111,YES
12350,NO
27311,YES
11490,NO
18875,YES
13555,YES
3126,NO
33140,NO
26352,NO
25732,NO
8668,NO
3939,YES
37193,YES
40361,YES
13054,NO
40029,YES
7971,YES
991,YES
30949,YES
27502,NO
24432,NO
29535,YES
33907,YES
16846,NO
32206,NO
18754,NO
21243,YES
4,NO
7825,YES
16106,NO
23311,YES
22191,YES
40879,YES
24308,NO
27379,YES
31127,YES
12066,NO
8492,NO
15154,NO
36148,NO
34148,NO
29202,NO
29453,YES
37254,NO
6807,YES
8567,YES
13434,NO
15925,YES
22430,NO
40245,YES
18251,YES
14292,NO
18310,NO
13947,YES
28505,YES
19162,NO
16470,NO
3299,YES
25013,YES
1323,YES
32671,YES
8115,YES
2562,NO
39828,NO
26348,NO
13120,NO
27508,NO
28919,YES
42641,YES
40173,YES
39206,NO
15243,YES
5382,NO
28334,NO
28830,NO
17052,NO
6268,NO
33626,NO
25438,NO
271,YES
31976,NO
9604,NO
13577,YES
13733,YES
33772,NO
16208,NO
17600,NO
7742,NO
8511,YES
6643,YES
31520,NO
42733,YES
36745,YES
16887,YES
27545,YES
3746,NO
41734,NO
636,NO
9284,NO
22125,YES
14432,NO
11602,NO
27219,YES
8943,YES
35701,YES
11865,YES
6166,NO
5397,YES
25206,NO
15017,YES
13784,NO
42529,YES
36623,YES
38995,YES
14897,YES
25292,NO
37103,YES
43226,NO
8972,NO
35007,YES
38759,YES
20472,NO
29993,YES
29353,YES
7563,YES
19141,YES
36060,NO
4402,NO
9593,YES
35984,NO
13445,YES
34112,NO
15705,YES
16124,NO
5145,YES
11207,YES
26693,YES
11489,YES
27490,NO
6711,YES
43822,NO
22401,YES
18800,NO
10154,NO
10933,YES
18090,NO
28001,YES
30804,NO
24839,YES
42768,NO
18165,YES
29520,NO
29826,NO
31296,NO
29321,YES
38852,NO
32220,NO
31597,YES
40948,NO
24770,NO
31492,NO
173,YES
9573,YES
30563,YES
3050,NO
41601,YES
13968,NO
103,YES
29324,NO
8129,YES
15058,NO
539,YES
22857,YES
10241,YES
15764,NO
5355,YES
39628,NO
28824,NO
23702,NO
10190,NO
17951,YES
7760,NO
39975,YES
37290,NO
8975,YES
43695,YES
36678,NO
32797,YES
27822,NO
4348,NO
7188,NO
37152,NO
7943,YES
17171,YES
8200,NO
42903,YES
38854,NO
35392,NO
12623,YES
14716,NO
29014,NO
12835,YES
6148,NO
8806,NO
38357,YES
7187,YES
18649,YES
41705,YES
36934,NO
27679,YES
17885,YES
25882,NO
30346,NO
22275,YES
38539,YES
735,YES
21067,YES
18272,NO
9555,YES
30329,YES
3815,YES
4504,NO
35926,NO
36546,NO
5375,YES
12687,YES
6621,YES
29340,NO
31263,YES
34097,YES
16304,NO
42746,NO
30607,YES
17653,YES
19300,NO
25175,YES
13125,YES
33827,YES
4622,NO
33768,NO
14699,YES
30154,NO
26377,YES
37094,NO
6448,NO
3163,YES
5816,NO
26865,YES
27119,YES
25375,YES
30123,YES
18410,NO
18042,NO
20580,NO
20270,NO
29740,NO
32952,NO
6974,NO
37180,NO
39086,NO
40047,YES
5137,YES
9826,NO
14017,YES
1927,YES
3240,NO
26623,YES
2781,YES
4531,YES
14522,NO
39873,YES
43323,YES
32328,NO
15667,YES
34997,YES
19063,YES
21005,YES
39717,YES
11623,YES
5054,NO
40325,YES
2087,YES
8156,NO
8140,NO
24355,YES
29690,NO
36183,YES
25597,YES
32955,YES
43554,NO
31200,NO
16363,YES
34095,YES
16109,YES
8922,NO
1534,NO
16375,YES
41666,NO
19759,YES
27014,NO
11608,NO
39865,YES
15194,NO
41543,YES
36793,YES
26267,YES
37126,NO
12370,NO
23958,NO
14909,YES
11630,NO
28776,NO
2868,NO
17008,NO
28757,YES
10435,YES
42922,NO
34020,NO
14154,NO
1136,NO
17615,YES
4017,YES
34477,YES
29024,NO
7294,NO
9553,YES
39280,NO
16450,NO
23102,NO
22037,YES
35440,NO
40548,NO
32687,YES
12426,NO
20380,NO
12011,YES
32498,NO
12521,YES
30248,NO
27442,NO
33691,YES
32526,NO
26186,NO
18270,NO
7013,YES
4552,NO
15889,YES
33643,YES
10194,NO
12465,YES
17702,NO
10361,YES
41252,NO
8174,NO
40666,NO
41777,YES
4636,NO
29289,YES
30002,NO
18136,NO
7886,NO
9968,NO
36296,NO
16933,YES
13539,YES
37279,YES
4899,YES
21640,NO
35415,YES
1827,YES
34932,NO
538,NO
41852,NO
19500,NO
3543,YES
18807,YES
22329,YES
42895,YES
6819,YES
24220,NO
23713,YES
2657,YES
25423,YES
7248,NO
5470,NO
38225,YES
109,YES
40057,YES
38287,YES
13797,YES
15122,NO
40972,NO
11721,YES
4632,NO
9721,YES
4023,YES
7919,YES
42354,NO
39797,YES
3859,YES
540,NO
30483,YES
32217,YES
10149,YES
43256,NO
37092,NO
4513,YES
12369,YES
35251,YES
12345,YES
25886,NO
33577,YES
24875,YES
2424,NO
17094,NO
25609,YES
25479,YES
24760,NO
42285,YES
10661,YES
42663,YES
17752,NO
28652,NO
7470,NO
20972,NO
3242,NO
22449,YES
2337,YES
968,NO
27227,YES
27316,NO
18320,NO
25735,YES
7191,YES
8959,YES
17797,YES
11067,YES
2340,NO
30443,YES
32740,NO
32329,YES
17725,YES
41345,YES
23929,YES
49,YES
7868,NO
43771,YES
420,NO
22965,YES
19199,YES
29526,NO
33621,YES
30273,YES
42045,YES
37243,YES
24829,YES
2710,NO
4048,NO
7045,YES
23203,YES
16512,NO
16480,NO
26383,YES
15356,NO
6758,NO
17190,NO
23795,YES
35369,YES
23493,YES
11051,YES
31400,NO
40277,YES
37190,NO
43476,NO
19021,YES
18380,NO
4061,YES
21381,YES
6771,YES
36625,YES
43485,YES
43069,YES
43457,YES
24168,NO
13787,YES
14864,NO
31438,NO
40368,NO
30864,NO
40576,NO
13163,YES
3541,YES
43202,NO
1480,NO
35715,YES
5004,NO
7892,NO
6406,NO
40819,YES
25613,YES
28333,YES
17414,NO
8742,NO
32180,NO
2681,YES
7630,NO
33602,NO
22662,NO
24497,YES
41633,YES
1869,YES
29392,NO
1588,NO
33274,NO
3758,NO
38495,YES
37697,YES
32777,YES
32275,YES
41414,NO
34466,NO
4324,NO
23863,YES
1849,YES
2269,YES
25448,NO
7291,YES
5357,YES
24313,YES
25890,NO
13765,YES
40612,NO
29208,NO
5146,NO
21037,YES
864,NO
20409,YES
10935,YES
20026,NO
18593,YES
14190,NO
9868,NO
28507,YES
12577,YES
14918,NO
43026,NO
20041,YES
36467,YES
9907,YES
36489,YES
42552,NO
14497,YES
12990,NO
6143,YES
5037,YES
26067,YES
28861,YES
38016,NO
9619,YES
41093,YES
28066,NO
25832,NO
26457,YES
18659,YES
25740,NO
39142,NO
39899,YES
6153,YES
24037,YES
42203,YES
21577,YES
15077,YES
12129,YES
18046,NO
34956,NO
39016,NO
41021,YES
2063,YES
34892,NO
16451,YES
28775,YES
9062,NO
7529,YES
27365,YES
16385,YES
4587,YES
6861,YES
28800,NO
14991,YES
27158,NO
2330,NO
15169,YES
13276,NO
23306,NO
2788,NO
18206,NO
24850,NO
41330,NO
410,NO
24179,YES
23684,NO
25780,NO
24001,YES
26612,NO
18533,YES
33588,NO
19545,YES
36957,YES
772,NO
43900,NO
20528,NO
22272,NO
21599,YES
36799,YES
43138,NO
35483,YES
1003,YES
20473,YES
22754,NO
25915,YES
21478,NO
19288,NO
5338,NO
16376,NO
42379,YES
41798,NO
38524,NO
37663,YES
34744,NO
39376,NO
3567,YES
16508,NO
35599,YES
38283,YES
16785,YES
32596,NO
6361,YES
11482,NO
1068,NO
28103,YES
2262,NO
16699,YES
9605,YES
1111,YES
31460,NO
34344,NO
31348,NO
28569,YES
12110,NO
6282,NO
26150,NO
11707,YES
31634,NO
8064,NO
20202,NO
25610,NO
21116,NO
20349,YES
21426,NO
32629,YES
17854,NO
4915,YES
34083,YES
35233,YES
38354,NO
5002,NO
22300,NO
436,NO
29724,NO
6117,YES
1736,NO
18965,YES
24123,YES
27979,YES
40782,NO
39929,YES
27371,YES
19480,NO
14840,NO
40400,NO
40127,YES
4530,NO
19615,YES
33915,YES
12311,YES
1540,NO
27387,YES
27839,YES
2960,NO
26105,YES
16413,YES
21215,YES
35270,NO
11861,YES
30129,YES
2703,YES
18089,YES
35211,YES
29211,YES
22501,YES
35899,YES
2053,YES
4767,YES
3721,YES
21694,NO
10613,YES
2406,NO
30321,YES
17778,NO
13477,YES
17431,YES
750,NO
36018,NO
28019,YES
20774,NO
7093,YES
5188,NO
14313,YES
19086,NO
18905,YES
26883,YES
32584,NO
9068,NO
40882,NO
29822,NO
3850,NO
14636,NO
39008,NO
25564,NO
13498,NO
6035,YES
1305,YES
11168,NO
5378,NO
2954,NO
36086,NO
9723,YES
36434,NO
34281,YES
4841,YES
6473,YES
40462,NO
1317,YES
12812,NO
21105,YES
18286,NO
36209,YES
18853,YES
5235,YES
6829,YES
24115,YES
24690,NO
34772,NO
748,NO
43815,YES
3041,YES
20011,YES
26999,YES
4828,NO
17715,YES
30220,NO
23391,YES
30,NO
10306,NO
26825,YES
25088,NO
19341,YES
32689,YES
5545,YES
14950,NO
26989,YES
13283,YES
13287,YES
14858,NO
25984,NO
27863,YES
9657,YES
10123,YES
25034,NO
9905,YES
22396,NO
2955,YES
39983,YES
31853,YES
31820,NO
16710,NO
24630,NO
35269,YES
7061,YES
14239,YES
18893,YES
41596,NO
15854,NO
11103,YES
4771,YES
31421,YES
31280,NO
3082,NO
15167,YES
43139,YES
39860,NO
16249,YES
20499,YES
32938,NO
34503,YES
32099,YES
42167,YES
26734,NO
36214,NO
30737,YES
13052,NO
33760,NO
25350,NO
24341,YES
2079,YES
3579,YES
23568,NO
6177,YES
16670,NO
7104,NO
21,YES
34276,NO
16822,NO
25698,NO
29968,NO
13735,YES
29290,NO
38387,YES
23193,YES
43647,YES
32173,YES
37470,NO
31311,YES
38239,YES
24939,YES
359,YES
22099,YES
5657,YES
42008,NO
27061,YES
36910,NO
36802,NO
35510,NO
38729,YES
3440,NO
7182,NO
28319,YES
29240,NO
7862,NO
43524,NO
32808,NO
9813,YES
26314,NO
14066,NO
8733,YES
28698,NO
1700,NO
34229,YES
2372,NO
2446,NO
37296,NO
40739,YES
5906,NO
8519,YES
132,NO
9399,YES
9825,YES
7327,YES
31018,NO
43237,YES
38940,NO
1940,NO
31155,YES
39420,NO
30954,NO
17699,YES
16444,NO
39497,YES
37698,NO
38087,YES
31222,NO
13549,YES
33734,NO
15927,YES
14687,YES
21073,YES
16437,YES
13049,YES
41477,YES
27864,NO
33582,NO
315,YES
21001,YES
37277,YES
15045,YES
20019,YES
5012,NO
34318,NO
34775,YES
35769,YES
30933,YES
40715,YES
9700,NO
25251,YES
4606,NO
1922,NO
31032,NO
40651,YES
37182,NO
32303,YES
22335,YES
19777,YES
36602,NO
9316,NO
7279,YES
32826,NO
4901,YES
28191,YES
22989,YES
16715,YES
11951,YES
32516,NO
29144,NO
7818,NO
30161,YES
12026,NO
26567,YES
22181,YES
43914,NO
25797,YES
37787,YES
23798,NO
14568,NO
3377,YES
24507,YES
5532,NO
33936,NO
29514,NO
31092,NO
2323,YES
30324,NO
16073,YES
37460,NO
26795,YES
36831,YES
18700,NO
8660,NO
23450,NO
37356,NO
27631,YES
10610,NO
22457,YES
13771,YES
37610,NO
43310,NO
5599,YES
30457,YES
20771,YES
28831,YES
41524,NO
29656,NO
5066,NO
41219,YES
41606,NO
41568,NO
43265,YES
43187,YES
30918,NO
6695,YES
28435,YES
10452,NO
13611,YES
2371,YES
3414,NO
21539,YES
16746,NO
22388,NO
6428,NO
38135,YES
21931,YES
1644,NO
37230,NO
25852,NO
39981,YES
29477,YES
20407,YES
33364,NO
23828,NO
31738,NO
25763,YES
20372,NO
21074,NO
3159,YES
11302,NO
8446,NO
25311,YES
41194,NO
15806,NO
16118,NO
40059,YES
36110,NO
10453,YES
13161,YES
33559,YES
23085,YES
10806,NO
8104,NO
19542,NO
17073,YES
11217,YES
2410,NO
11306,NO
16253,YES
24451,YES
6572,NO
3272,NO
15127,YES
27377,YES
146,NO
6064,NO
38523,YES
14683,YES
23127,YES
5165,YES
39098,NO
36553,YES
19242,NO
34069,YES
14863,YES
41679,YES
23614,NO
22328,NO
2863,YES
29213,YES
19860,NO
13433,YES
29792,NO
31590,NO
23480,NO
43209,YES
40787,YES
29021,YES
3523,YES
9896,NO
22332,NO
25781,YES
18517,YES
28392,NO
23933,YES
23424,NO
17848,NO
11129,YES
13718,NO
10828,NO
27399,YES
15670,NO
23107,YES
18168,NO
27581,YES
34039,YES
28414,NO
1243,YES
17981,YES
7490,NO
5289,YES
21242,NO
8295,YES
860,NO
40793,YES
23270,NO
25468,NO
21204,NO
23664,NO
7309,YES
28468,NO
31282,NO
19267,YES
3020,NO
22997,YES
16825,YES
35109,YES
41368,NO
16198,NO
27608,NO
6220,NO
30254,NO
23021,YES
4474,NO
37403,YES
20231,YES
6888,NO
3550,NO
33583,YES
14102,NO
12528,NO
32244,NO
24743,YES
26402,NO
20926,NO
13728,NO
22875,YES
4299,YES
4573,YES
25511,YES
28251,YES
5043,YES
26395,YES
43340,NO
38189,YES
14165,YES
3383,YES
25730,NO
11364,NO
16956,NO
24942,NO
10972,NO
18575,YES
41454,NO
15742,NO
4026,NO
19121,YES
35710,NO
25335,YES
27003,YES
680,NO
41563,YES
18297,YES
30643,YES
2029,YES
22773,YES
5721,YES
25600,NO
43573,YES
30395,YES
4854,NO
10059,YES
21071,YES
3711,YES
21619,YES
14637,YES
41662,NO
5980,NO
20425,YES
37753,YES
3792,NO
18546,NO
26517,YES
9353,YES
7031,YES
25659,YES
23766,NO
21021,YES
20466,NO
3659,YES
15033,YES
26090,NO
38837,YES
29461,YES
35979,YES
39053,YES
14763,YES
8153,YES
28702,NO
23899,YES
14410,NO
20021,YES
28968,NO
38960,NO
37101,YES
31619,YES
34805,YES
2700,NO
28929,YES
31154,NO
17915,YES
13948,NO
7787,YES
29036,NO
39535,YES
11706,NO
17664,NO
4944,NO
20249,YES
15351,YES
8101,YES
24928,NO
13737,YES
37862,NO
10174,NO
31578,NO
10750,NO
13699,YES
5306,NO
24113,YES
7381,YES
35721,YES
22475,YES
38716,NO
42470,NO
35106,NO
34727,YES
43570,NO
22060,NO
5794,NO
1885,YES
14302,NO
11335,YES
35011,YES
42855,YES
29050,NO
30667,YES
13855,YES
29931,YES
16678,NO
33040,NO
21773,YES
35752,NO
28481,YES
9216,NO
23826,NO
10818,NO
20655,YES
33198,NO
35459,YES
1656,NO
40110,NO
14498,NO
39168,NO
14123,YES
6878,NO
19397,YES
13798,NO
36719,YES
40642,NO
19796,NO
28995,YES
2765,YES
42539,YES
16368,NO
37924,NO
2915,YES
26701,YES
35145,YES
28722,NO
29266,NO
32136,NO
32556,NO
43662,NO
31399,YES
633,YES
18319,YES
24538,NO
40836,NO
18506,NO
33684,NO
23043,YES
20967,YES
41736,NO
43307,YES
41281,YES
2028,NO
14839,YES
17524,NO
35517,YES
26852,NO
37650,NO
23547,YES
39487,YES
6574,NO
26681,YES
23567,YES
8027,YES
7138,NO
41302,NO
26628,NO
3553,YES
17909,YES
31907,YES
18568,NO
42437,YES
16537,YES
14740,NO
34456,NO
38398,NO
39427,YES
30936,NO
2843,YES
29873,YES
9696,NO
24112,NO
22563,YES
35583,YES
31232,NO
20836,NO
6628,NO
477,YES
13646,NO
7689,YES
21693,YES
21198,NO
19838,NO
627,YES
16284,NO
32606,NO
10312,NO
15908,NO
34841,YES
27200,NO
16779,YES
33283,YES
22891,YES
18470,NO
8191,YES
38556,NO
32718,NO
6691,YES
40280,NO
35552,NO
3942,NO
8766,NO
37842,NO
9378,NO
38048,NO
28238,NO
37737,YES
16232,NO
30729,YES
502,NO
8077,YES
14472,NO
22018,NO
13114,NO
6981,YES
15452,NO
17629,YES
10163,YES
36554,NO
14884,NO
2600,NO
25853,YES
24625,YES
19940,NO
21359,YES
19844,NO
24879,YES
36252,NO
41407,YES
42962,NO
20280,NO
25134,NO
794,NO
17250,NO
3465,YES
27028,NO
7002,NO
13415,YES
18604,NO
16063,YES
22668,NO
36372,NO
2082,NO
41730,NO
6823,YES
29992,NO
37283,YES
34526,NO
10094,NO
23776,NO
30966,NO
4880,NO
3105,YES
37538,NO
31196,NO
197,YES
13623,YES
38129,YES
14642,NO
41595,YES
1556,NO
29122,NO
36171,YES
15684,NO
35244,NO
38006,NO
30981,YES
40102,NO
18052,NO
25451,YES
37135,YES
8177,YES
36378,NO
8398,NO
25213,YES
13973,YES
15531,YES
5313,YES
16465,YES
12585,YES
10893,YES
8712,NO
28430,NO
7282,NO
38724,NO
31283,YES
21150,NO
20753,YES
23998,NO
21548,NO
36193,YES
20679,YES
2463,YES
36715,YES
10476,NO
31113,YES
977,YES
31812,NO
12512,NO
1543,YES
9881,YES
19184,NO
12879,YES
9040,NO
30958,NO
21604,NO
37271,YES
40873,YES
7590,NO
2952,NO
33738,NO
19410,NO
9065,YES
36837,YES
1153,YES
28767,YES
39698,NO
41584,NO
30012,NO
19346,NO
10911,YES
34611,YES
14187,YES
33848,NO
9450,NO
37746,NO
25919,YES
9945,YES
5067,YES
21855,YES
18131,YES
41872,NO
11831,YES
6736,NO
15137,YES
14729,YES
40411,YES
19743,YES
41402,NO
1093,YES
983,YES
9042,NO
2365,YES
4515,YES
23018,NO
40103,YES
30555,YES
6719,YES
25228,NO
15149,YES
5481,YES
21803,YES
38864,NO
23831,YES
30166,NO
24964,NO
21947,YES
33779,YES
13093,YES
12467,YES
39020,NO
9169,YES
6467,YES
33508,NO
6952,NO
9784,NO
15620,NO
43454,NO
41590,NO
29463,YES
9112,NO
2636,NO
40838,NO
27108,NO
6360,NO
37064,NO
37146,NO
39416,NO
13157,YES
34543,YES
27821,YES
27866,NO
7256,NO
16916,NO
23594,NO
60,NO
8821,YES
4315,YES
33326,NO
40359,YES
41949,YES
38471,YES
14849,YES
83,YES
12113,YES
42533,YES
11522,NO
8577,YES
20256,NO
10143,YES
35413,YES
26339,YES
26104,NO
36928,NO
19072,NO
10309,YES
12061,YES
17191,YES
30591,YES
18104,NO
18666,NO
7876,NO
40518,NO
9861,YES
19181,YES
33563,YES
12617,YES
19987,YES
6947,YES
3511,YES
20950,NO
41094,NO
28394,NO
338,NO
39609,YES
10798,NO
30472,NO
19445,YES
29734,NO
731,YES
33808,NO
19320,NO
16326,NO
6656,NO
23172,NO
34668,NO
21991,YES
13459,YES
32369,YES
39980,NO
32199,YES
3487,YES
23360,NO
29418,NO
6275,YES
41974,NO
23415,YES
4377,YES
6513,YES
37427,YES
39366,NO
27972,NO
26846,NO
30489,YES
35482,NO
13010,NO
804,NO
7941,YES
21783,YES
35582,NO
39049,YES
27090,NO
19025,YES
4459,YES
35962,NO
33719,YES
33214,NO
22818,NO
14162,NO
141,YES
2836,NO
35888,NO
29317,YES
9961,YES
14976,NO
30817,YES
4546,NO
8647,YES
21687,YES
11400,NO
17543,YES
2227,YES
32049,YES
37007,YES
7552,NO
31374,NO
11881,YES
16749,YES
4600,NO
39833,YES
18318,NO
39674,NO
42198,NO
42474,NO
13223,YES
32613,YES
31660,NO
17100,NO
640,NO
28713,YES
22217,YES
30420,NO
13397,YES
21135,YES
20404,NO
24741,YES
516,NO
39148,NO
2597,YES
12747,YES
1054,NO
9860,NO
43418,NO
37052,NO
11050,NO
12738,NO
1867,YES
39870,NO
29646,NO
36220,NO
31165,YES
12189,YES
8871,YES
35712,NO
8002,NO
20758,NO
16517,YES
30843,YES
22116,NO
23485,YES
7166,NO
27723,YES
26312,NO
39585,YES
10459,YES
8123,YES
7005,YES
38377,YES
28356,NO
21241,YES
25906,NO
30816,NO
14203,YES
7059,YES
3276,NO
28460,NO
3709,YES
11897,YES
18734,NO
10442,NO
20538,NO
19918,NO
34630,NO
8825,YES
42743,YES
39331,YES
8886,NO
24644,NO
1288,NO
2471,YES
34053,YES
5513,YES
21938,NO
39666,NO
4045,YES
26813,YES
39953,YES
32192,NO
15428,NO
27716,NO
28270,NO
36358,NO
38843,YES
7331,YES
7837,YES
5926,NO
35135,YES
15704,NO
21399,YES
26657,YES
28977,YES
37054,NO
5135,YES
4384,NO
8120,NO
14486,NO
11424,NO
27008,NO
29577,YES
5455,YES
33551,YES
34417,YES
32756,NO
43513,YES
9776,NO
31501,YES
28636,NO
36080,NO
18814,NO
27865,YES
1250,NO
9695,YES
15069,YES
40591,YES
15542,NO
23992,NO
34535,YES
42365,YES
32830,NO
2030,NO
19730,NO
13683,YES
14915,YES
29829,YES
26462,NO
17328,NO
6279,YES
35386,NO
12320,NO
6158,NO
3762,NO
10141,YES
36857,YES
16536,NO
36986,NO
26584,NO
22041,YES
20682,NO
10585,YES
28946,NO
29465,YES
10650,NO
4666,NO
20715,YES
15062,NO
43412,NO
34079,YES
6522,NO
30196,NO
32523,YES
12557,YES
1207,YES
17835,YES
2998,NO
24433,YES
12479,YES
12442,NO
9545,YES
39218,NO
28056,NO
42911,YES
39128,NO
12278,NO
9221,YES
22839,YES
20210,NO
13720,NO
3491,YES
8269,YES
7164,NO
21909,YES
21670,NO
33146,NO
33463,YES
32441,YES
4021,YES
35477,YES
25191,YES
29044,NO
25823,YES
32638,NO
35998,NO
3013,YES
39670,NO
28933,YES
12220,NO
30570,NO
27074,NO
9288,NO
11874,NO
30969,YES
31138,NO
5178,NO
32851,YES
41622,NO
3643,YES
3548,NO
33217,YES
39400,NO
23946,NO
22489,YES
43864,NO
23830,NO
25815,YES
41971,YES
24660,NO
9384,NO
26498,NO
9501,YES
41922,NO
1227,YES
11254,NO
34317,YES
34230,NO
21954,NO
17724,NO
5501,YES
21672,NO
29130,NO
41600,NO
2625,YES
22254,NO
35091,YES
34237,YES
19633,YES
18436,NO
14355,YES
37410,NO
28321,YES
41117,YES
42714,NO
23072,NO
925,YES
38606,NO
29994,NO
1695,YES
17426,NO
2554,NO
9032,NO
13048,NO
35688,NO
17376,NO
19510,NO
10959,YES
22914,NO
35329,YES
19909,YES
11750,NO
37050,NO
26667,YES
6903,YES
10747,YES
13343,YES
15507,YES
15953,YES
33369,YES
43700,NO
9014,NO
41180,NO
244,NO
11434,NO
1755,YES
34124,NO
37560,NO
20983,YES
21586,NO
2814,NO
31854,NO
9314,NO
8454,NO
6121,YES
42435,YES
13504,NO
35325,YES
2898,NO
30316,NO
14954,NO
32372,NO
26180,NO
20732,NO
41992,NO
5606,NO
19313,YES
10443,YES
9467,YES
18831,YES
552,NO
13130,NO
25833,YES
3200,NO
42031,YES
7803,YES
2074,NO
11534,NO
549,YES
25748,NO
19858,NO
43860,NO
37554,NO
187,YES
13592,NO
41536,NO
37076,NO
41329,YES
29626,NO
11842,NO
7145,YES
42914,NO
16950,NO
16923,YES
43672,NO
27753,YES
36046,NO
18510,NO
19667,YES
38789,YES
9472,NO
33700,NO
36278,NO
8522,NO
18243,YES
17927,YES
8399,YES
38855,YES
14158,NO
16873,YES
31443,YES
31339,YES
4273,YES
9359,YES
3633,YES
30440,NO
23700,NO
19671,YES
16339,YES
42913,YES
26602,NO
27339,YES
36052,NO
10569,YES
36230,NO
7643,YES
4355,YES
33057,YES
27444,NO
41467,YES
43750,NO
31971,YES
1622,NO
26878,NO
39878,NO
40868,NO
11292,NO
40582,NO
12891,YES
40791,YES
28362,NO
32697,YES
16884,NO
34551,YES
37181,YES
28923,YES
35478,NO
11679,YES
41041,YES
17513,YES
17975,YES
38473,YES
6694,NO
41980,NO
39221,YES
34961,YES
39534,NO
42229,YES
35057,YES
43128,NO
4305,YES
12539,YES
13790,NO
24040,NO
40236,NO
40007,YES
11472,NO
24240,NO
29009,YES
35788,NO
35273,YES
37596,NO
21251,YES
12598,NO
28840,NO
33598,NO
17304,NO
26426,NO
34295,YES
25670,NO
13438,NO
5270,NO
1102,NO
7351,YES
21915,YES
32859,YES
3884,NO
11224,NO
10570,NO
15571,YES
9890,NO
37982,NO
22610,NO
27745,YES
8308,NO
7737,YES
43738,NO
37565,YES
6219,YES
9233,YES
12118,NO
24686,NO
14854,NO
36835,YES
24859,YES
29911,YES
16758,NO
13211,YES
12736,NO
26358,NO
42390,NO
14958,NO
9012,NO
35683,YES
21812,NO
18079,YES
26647,YES
6459,YES
29989,YES
17838,NO
14401,YES
881,YES
36465,YES
18275,YES
15887,YES
33547,YES
36670,NO
41418,NO
18403,YES
25192,NO
12406,NO
41908,NO
16405,YES
43181,YES
9043,YES
12742,NO
2292,NO
27199,YES
206,NO
2881,YES
2385,YES
11978,NO
32736,NO
23117,YES
33374,NO
5510,NO
32129,YES
34220,NO
31745,YES
18789,YES
35078,NO
4193,YES
43952,NO
43618,NO
39705,YES
25542,NO
23531,YES
38121,YES
16347,YES
37415,YES
22582,NO
2927,YES
10889,YES
43975,YES
43936,NO
17658,NO
41204,NO
10122,NO
15801,YES
16027,YES
39493,YES
11156,NO
38268,NO
33359,YES
20821,YES
29446,NO
35122,NO
18993,YES
31067,YES
41392,NO
4461,YES
17680,NO
4393,YES
9954,NO
10115,YES
24702,NO
36075,YES
7854,NO
10328,NO
16910,NO
16996,NO
5781,YES
17938,NO
24954,NO
37447,YES
17592,NO
20841,YES
17398,NO
25646,NO
28815,YES
21506,NO
31981,YES
20060,NO
27184,NO
33061,YES
40778,NO
25131,YES
38011,YES
40528,NO
33736,NO
17298,NO
8685,YES
11574,NO
38878,NO
22521,YES
16331,YES
34249,YES
24090,NO
1938,NO
33650,NO
1240,NO
25469,YES
25458,NO
29270,NO
28887,YES
11151,YES
15555,YES
28220,NO
1881,YES
17978,NO
18760,NO
6316,NO
31124,NO
25049,YES
24705,YES
13186,NO
13564,NO
34764,NO
24565,YES
12868,NO
13204,NO
19154,NO
41802,NO
23463,YES
9725,YES
19198,NO
38434,NO
30308,NO
286,NO
26993,YES
3109,YES
26390,NO
16949,YES
226,NO
7774,NO
1572,NO
28678,NO
19226,NO
10061,YES
26944,NO
16227,YES
9338,NO
15475,YES
41580,NO
25757,YES
37168,NO
32788,NO
31197,YES
10051,YES
29339,YES
3472,NO
11718,NO
36732,NO
4263,YES
34550,NO
31446,NO
20754,NO
160,NO
1155,YES
26099,YES
702,NO
17966,NO
37284,NO
34001,YES
26862,NO
1998,NO
