date,temperature,humidity,wind_speed
2012-10-01,11.03684,74.8,0.0
2012-10-02,14.335255555555555,58.44444444444444,0.6666666666666666
2012-10-03,14.507777777777777,78.55555555555556,1.8888888888888888
2012-10-04,16.804444444444446,86.0,1.3333333333333333
2012-10-05,16.927222222222223,70.55555555555556,3.6666666666666665
2012-10-06,14.333333333333334,67.66666666666667,3.6666666666666665
2012-10-07,6.262857142857143,82.85714285714286,2.4285714285714284
2012-10-08,7.159999999999999,63.875,0.875
2012-10-09,7.364,59.0,3.2
2012-10-10,6.503333333333333,41.666666666666664,2.3333333333333335
2012-10-11,7.726111111111113,80.0,4.222222222222222
2012-10-12,6.232222222222222,64.55555555555556,3.888888888888889
2012-10-13,7.73,59.25,2.0
2012-10-14,6.841666666666666,81.0,0.16666666666666666
2012-10-15,17.572857142857142,86.28571428571429,4.0
2012-10-16,10.67111111111111,65.77777777777777,6.444444444444445
2012-10-17,7.140000000000001,65.8,0.2
2012-10-18,14.466666666666665,66.11111111111111,3.2222222222222223
2012-10-19,14.05,74.11111111111111,5.555555555555555
2012-10-20,11.751111111111111,65.11111111111111,2.888888888888889
2012-10-21,8.545066666666665,89.66666666666667,2.111111111111111
2012-10-22,8.797777777777776,80.33333333333333,1.7777777777777777
2012-10-23,10.707777777777778,76.66666666666667,0.3333333333333333
2012-10-24,16.78333333333333,85.55555555555556,2.111111111111111
2012-10-25,17.73888888888889,82.44444444444444,0.7777777777777778
2012-10-26,16.993333333333336,70.11111111111111,2.5555555555555554
2012-10-27,10.065,75.44444444444444,4.222222222222222
2012-10-28,8.04625,64.0,4.25
2012-10-29,7.01,58.6,5.0
2012-10-30,5.666250000000001,75.0,6.75
2012-10-31,4.717777777777778,84.33333333333333,8.88888888888889
2012-11-01,4.04,80.22222222222223,5.666666666666667
2012-11-02,5.360714285714286,75.42857142857143,4.714285714285714
2012-11-03,4.44,60.857142857142854,4.857142857142857
2012-11-04,3.423571428571429,65.0,2.857142857142857
2012-11-05,2.31,63.2,3.2
2012-11-06,1.4981444444444445,78.11111111111111,2.4444444444444446
2012-11-07,2.7533333333333334,55.666666666666664,2.0
2012-11-08,3.29125,65.5,2.75
2012-11-09,3.3883333333333336,65.33333333333333,0.3333333333333333
2012-11-10,5.32,69.2,2.8
2012-11-11,9.428888888888888,81.88888888888889,0.7777777777777778
2012-11-12,12.894444444444446,69.77777777777777,5.444444444444445
2012-11-13,11.609444444444444,85.77777777777777,5.0
2012-11-14,1.3455555555555556,53.0,3.2222222222222223
2012-11-15,-0.9412499999999999,66.0,0.0
2012-11-16,1.7544444444444443,82.33333333333333,1.0
2012-11-17,3.5420000000000003,69.8,0.8
2012-11-18,5.766666666666666,74.66666666666667,0.3333333333333333
2012-11-19,5.253333333333334,93.88888888888889,1.0
2012-11-20,3.0349999999999997,92.77777777777777,0.3333333333333333
2012-11-21,6.817777777777778,80.11111111111111,0.2222222222222222
2012-11-22,6.192222222222223,82.55555555555556,0.3333333333333333
2012-11-23,7.116666666666666,87.44444444444444,2.4444444444444446
2012-11-24,9.773999999999997,79.2,5.8
2012-11-25,0.7488888888888889,54.55555555555556,5.888888888888889
2012-11-26,-0.2025,80.0,2.75
2012-11-27,1.47,60.333333333333336,1.7777777777777777
2012-11-28,-1.6962499999999998,61.0,1.25
2012-11-29,1.1600000000000001,55.8,3.0
2012-11-30,1.4933333333333332,67.22222222222223,5.111111111111111
2012-12-01,4.767142857142857,78.85714285714286,2.7142857142857144
2012-12-02,3.0637499999999998,91.5,2.875
2012-12-03,11.533333333333335,82.77777777777777,3.111111111111111
2012-12-04,8.85,91.33333333333333,0.2222222222222222
2012-12-05,13.029111111111112,79.33333333333333,4.333333333333333
2012-12-06,1.6942857142857142,55.57142857142857,4.0
2012-12-07,-0.17057500000000003,68.0,0.5
2012-12-08,4.334444444444444,82.11111111111111,0.6666666666666666
2012-12-09,4.155555555555556,93.22222222222223,2.5555555555555554
2012-12-10,2.2733333333333334,77.0,3.6666666666666665
2012-12-11,4.734444444444444,86.44444444444444,2.7777777777777777
2012-12-12,-0.026000000000000023,65.5,2.25
2012-12-13,-0.7611111111111111,76.0,3.111111111111111
2012-12-14,3.1225,59.75,3.5
2012-12-15,1.0357142857142858,73.57142857142857,1.7142857142857142
2012-12-16,2.82,88.55555555555556,1.8888888888888888
2012-12-17,9.416666666666668,92.33333333333333,2.4444444444444446
2012-12-18,6.307777777777778,76.66666666666667,1.3333333333333333
2012-12-19,3.7300000000000004,72.0,2.5714285714285716
2012-12-20,3.7288888888888883,82.33333333333333,1.2222222222222223
2012-12-21,4.881111111111111,77.11111111111111,4.888888888888889
2012-12-22,0.875,87.66666666666667,3.8333333333333335
2012-12-23,-0.3216666666666667,62.333333333333336,6.5
2012-12-24,-2.7494444444444444,79.55555555555556,1.6666666666666667
2012-12-25,-2.0014285714285713,70.71428571428571,2.5714285714285716
2012-12-26,-2.33625,82.375,2.75
2012-12-27,-0.53,68.0,5.8
2012-12-28,-0.20666666666666667,86.0,4.0
2012-12-29,-6.699999999999999,81.22222222222223,0.0
2012-12-30,-2.265857142857143,82.42857142857143,2.4285714285714284
2012-12-31,-2.607142857142857,82.57142857142857,1.7142857142857142
2013-01-01,-2.0937499999999996,75.25,4.125
2013-01-02,-3.605555555555556,62.55555555555556,2.5555555555555554
2013-01-03,-8.619444444444445,82.55555555555556,3.7777777777777777
2013-01-04,-6.4688888888888885,61.55555555555556,3.2222222222222223
2013-01-05,-3.2687500000000003,57.833333333333336,6.0
2013-01-06,-5.01,84.66666666666667,1.6666666666666667
2013-01-07,1.35,93.0,3.0
2013-01-08,0.6533333333333334,66.33333333333333,3.3333333333333335
2013-01-09,-1.9700000000000004,74.71428571428571,2.857142857142857
2013-01-10,-2.2982428571428573,60.0,1.4285714285714286
2013-01-11,-0.04749999999999999,76.75,1.0
2013-01-12,5.178888888888888,91.55555555555556,2.0
2013-01-13,8.988888888888889,85.55555555555556,3.3333333333333335
2013-01-14,5.684444444444444,85.66666666666667,3.0
2013-01-15,-2.6500000000000004,66.55555555555556,4.666666666666667
2013-01-16,-5.133888888888889,76.77777777777777,0.3333333333333333
2013-01-17,-2.21875,64.0,2.0
2013-01-18,1.352142857142857,59.857142857142854,3.0
2013-01-19,-5.647777777777779,63.22222222222222,1.4444444444444444
2013-01-20,3.4344444444444444,56.77777777777778,5.0
2013-01-21,-4.510555555555555,49.22222222222222,8.88888888888889
2013-01-22,-7.609444444444445,66.44444444444444,3.6666666666666665
2013-01-23,-15.706666666666669,56.22222222222222,5.444444444444445
2013-01-24,-12.798333333333336,58.55555555555556,1.8888888888888888
2013-01-25,-9.993333333333332,69.0,4.111111111111111
2013-01-26,-7.868611111111111,66.44444444444444,1.3333333333333333
2013-01-27,-5.7061111111111105,74.55555555555556,2.3333333333333335
2013-01-28,-6.7893333333333326,74.66666666666667,2.0
2013-01-29,3.6990555555555553,87.77777777777777,4.888888888888889
2013-01-30,5.02675,94.75,0.625
2013-01-31,10.575555555555555,93.11111111111111,3.4444444444444446
2013-02-01,-5.09,52.666666666666664,9.0
2013-02-02,-9.678749999999999,84.5,7.0
2013-02-03,-8.261111111111111,87.55555555555556,6.0
2013-02-04,-10.137777777777778,74.66666666666667,2.888888888888889
2013-02-05,-9.138888888888888,88.22222222222223,1.3333333333333333
2013-02-06,-8.43888888888889,84.88888888888889,2.111111111111111
2013-02-07,-11.124,90.2,2.6
2013-02-08,-0.5557142857142857,69.28571428571429,1.2857142857142858
2013-02-09,-2.86,67.5,9.0
2013-02-10,-10.813999999999998,93.2,2.4
2013-02-11,-2.501666666666666,80.11111111111111,3.888888888888889
2013-02-12,4.4451875,74.875,5.875
2013-02-13,0.11500000000000002,68.44444444444444,4.0
2013-02-14,-1.9028571428571426,66.57142857142857,1.0
2013-02-15,1.455,67.0,3.0
2013-02-16,-1.23,58.5,3.75
2013-02-17,-5.15111111111111,66.55555555555556,0.7777777777777778
2013-02-18,-9.136666666666667,64.0,3.0
2013-02-19,-4.432222222222222,59.666666666666664,3.0
2013-02-20,2.009285714285714,69.0,7.285714285714286
2013-02-21,-6.981,62.22222222222222,6.0
2013-02-22,-6.052222222222222,67.55555555555556,2.7777777777777777
2013-02-23,-3.90875,84.875,5.25
2013-02-24,0.85,66.5,4.5
2013-02-25,-2.628475,75.25,3.125
2013-02-26,-2.2138888888888895,69.22222222222223,0.4444444444444444
2013-02-27,-0.82,66.125,5.75
2013-02-28,1.6175000000000002,94.0,2.4285714285714284
2013-03-01,,,
2013-03-02,-2.141666666666667,75.0,5.0
2013-03-03,-2.547222222222222,74.55555555555556,3.3333333333333335
2013-03-04,-4.557222222222221,68.33333333333333,4.777777777777778
2013-03-05,-5.341666666666666,70.11111111111111,1.4444444444444444
2013-03-06,-2.183566666666667,81.33333333333333,2.5555555555555554
2013-03-07,-0.5162222222222224,81.88888888888889,3.3333333333333335
2013-03-08,1.2635714285714286,75.57142857142857,2.142857142857143
2013-03-09,-1.8069999999999997,68.22222222222223,0.7777777777777778
2013-03-10,0.25059999999999993,69.5,1.5
2013-03-11,11.126,41.8,3.0
2013-03-12,9.120366666666666,79.44444444444444,5.222222222222222
2013-03-13,0.502,75.57142857142857,4.571428571428571
2013-03-14,-2.2874375,66.5,5.375
2013-03-15,-2.34825,54.5,3.0
2013-03-16,1.2031666666666667,67.77777777777777,3.6666666666666665
2013-03-17,-2.1399999999999997,88.33333333333333,3.4444444444444446
2013-03-18,-2.8398111111111115,64.33333333333333,3.888888888888889
2013-03-19,-2.2452857142857146,68.71428571428571,5.428571428571429
2013-03-20,-3.4498333333333333,63.0,5.666666666666667
2013-03-21,-3.4300000000000006,54.888888888888886,4.444444444444445
2013-03-22,-5.639444444444445,72.22222222222223,3.6666666666666665
2013-03-23,-2.838571428571428,61.57142857142857,4.285714285714286
2013-03-24,-2.3771428571428577,66.0,0.8571428571428571
2013-03-25,-1.9475000000000002,79.0,1.75
2013-03-26,0.8975,61.5,7.25
2013-03-27,2.3577777777777778,64.11111111111111,4.222222222222222
2013-03-28,2.7383333333333333,55.333333333333336,5.666666666666667
2013-03-29,2.301111111111111,59.0,3.5555555555555554
2013-03-30,3.195555555555556,49.111111111111114,2.2222222222222223
2013-03-31,3.6537499999999996,48.0,1.25
2013-04-01,5.596571428571429,68.14285714285714,2.0
2013-04-02,0.26166666666666666,54.333333333333336,5.166666666666667
2013-04-03,-2.0987500000000003,58.125,3.25
2013-04-04,-1.53625,50.0,3.625
2013-04-05,1.0855555555555556,48.0,2.4444444444444446
2013-04-06,4.212875,50.5,3.375
2013-04-07,1.977142857142857,46.57142857142857,2.4285714285714284
2013-04-08,12.822222222222221,55.77777777777778,6.888888888888889
2013-04-09,7.558,72.4,2.8
2013-04-10,6.411111111111111,89.0,2.111111111111111
2013-04-11,5.427777777777777,96.88888888888889,3.2222222222222223
2013-04-12,3.106666666666667,99.22222222222223,5.666666666666667
2013-04-13,3.15,96.22222222222223,2.111111111111111
2013-04-14,3.5883333333333334,70.16666666666667,5.0
2013-04-15,2.6955555555555555,68.77777777777777,1.2222222222222223
2013-04-16,8.350000000000001,72.66666666666667,1.7777777777777777
2013-04-17,11.085555555555556,85.66666666666667,3.0
2013-04-18,7.787777777777778,54.333333333333336,3.4444444444444446
2013-04-19,13.997777777777777,83.0,3.7777777777777777
2013-04-20,10.35142857142857,92.28571428571429,4.714285714285714
2013-04-21,1.616,50.6,6.8
2013-04-22,1.201111111111111,66.22222222222223,1.4444444444444444
2013-04-23,8.266,58.4,1.8
2013-04-24,10.84,54.333333333333336,2.4444444444444446
2013-04-25,4.202222222222222,95.33333333333333,4.222222222222222
2013-04-26,4.079928571428572,72.85714285714286,4.285714285714286
2013-04-27,5.9557142857142855,58.857142857142854,1.5714285714285714
2013-04-28,9.225555555555555,60.666666666666664,1.2222222222222223
2013-04-29,10.732222222222221,65.66666666666667,1.6666666666666667
2013-04-30,12.737777777777776,89.88888888888889,1.5555555555555556
2013-05-01,14.139444444444443,80.66666666666667,2.2222222222222223
2013-05-02,16.11288888888889,74.33333333333333,1.3333333333333333
2013-05-03,16.096666666666668,60.333333333333336,1.3333333333333333
2013-05-04,16.723333333333333,50.888888888888886,2.5555555555555554
2013-05-05,14.806666666666665,53.44444444444444,2.2222222222222223
2013-05-06,14.257777777777777,53.44444444444444,2.5555555555555554
2013-05-07,13.178333333333335,53.888888888888886,2.4444444444444446
2013-05-08,15.09,53.77777777777778,1.7777777777777777
2013-05-09,16.80333333333333,48.333333333333336,1.7777777777777777
2013-05-10,18.19166666666667,60.111111111111114,1.0
2013-05-11,17.254444444444445,86.88888888888889,2.5555555555555554
2013-05-12,7.704444444444444,86.77777777777777,2.5555555555555554
2013-05-13,5.795000000000001,57.833333333333336,7.166666666666667
2013-05-14,4.161111111111111,52.666666666666664,2.888888888888889
2013-05-15,11.807666666666668,55.55555555555556,2.6666666666666665
2013-05-16,20.64333333333333,61.55555555555556,5.0
2013-05-17,18.607777777777777,45.111111111111114,2.5555555555555554
2013-05-18,12.713333333333331,58.55555555555556,2.7777777777777777
2013-05-19,15.425166666666668,52.111111111111114,2.7777777777777777
2013-05-20,18.213333333333335,59.666666666666664,0.3333333333333333
2013-05-21,20.952222222222222,79.33333333333333,1.4444444444444444
2013-05-22,23.74888888888889,67.55555555555556,3.2222222222222223
2013-05-23,21.10222222222222,72.77777777777777,3.888888888888889
2013-05-24,16.15222222222222,92.77777777777777,2.2222222222222223
2013-05-25,4.776000000000001,77.4,3.4
2013-05-26,7.835714285714286,65.71428571428571,0.7142857142857143
2013-05-27,10.43142857142857,54.857142857142854,0.42857142857142855
2013-05-28,11.64875,47.625,1.875
2013-05-29,13.041111111111114,96.88888888888889,1.0
2013-05-30,23.12222222222222,70.33333333333333,4.0
2013-05-31,22.76888888888889,72.66666666666667,2.4444444444444446
2013-06-01,23.012222222222224,73.22222222222223,3.2222222222222223
2013-06-02,20.213333333333335,85.22222222222223,3.5555555555555554
2013-06-03,19.627777777777776,73.11111111111111,4.777777777777778
2013-06-04,11.383333333333333,61.77777777777778,2.3333333333333335
2013-06-05,13.789444444444445,62.888888888888886,0.8888888888888888
2013-06-06,14.892222222222225,49.0,2.4444444444444446
2013-06-07,14.741111111111113,61.44444444444444,2.2222222222222223
2013-06-08,12.643833333333333,80.44444444444444,2.6666666666666665
2013-06-09,15.414444444444444,80.11111111111111,1.0
2013-06-10,18.026666666666667,72.88888888888889,0.8888888888888888
2013-06-11,17.27327777777778,94.88888888888889,1.4444444444444444
2013-06-12,19.833333333333332,88.55555555555556,1.3333333333333333
2013-06-13,20.584999999999997,85.55555555555556,0.5555555555555556
2013-06-14,19.14888888888889,77.66666666666667,2.6666666666666665
2013-06-15,18.731111111111108,66.66666666666667,3.5555555555555554
2013-06-16,20.06888888888889,68.66666666666667,2.3333333333333335
2013-06-17,20.296666666666667,90.66666666666667,1.8888888888888888
2013-06-18,21.012222222222224,70.55555555555556,1.1111111111111112
2013-06-19,16.645366666666664,83.44444444444444,3.2222222222222223
2013-06-20,16.368111111111112,66.0,1.4444444444444444
2013-06-21,19.84447777777778,67.66666666666667,1.5555555555555556
2013-06-22,20.3162,73.33333333333333,1.3333333333333333
2013-06-23,24.10481111111111,71.22222222222223,1.6666666666666667
2013-06-24,24.02927777777778,82.44444444444444,1.6666666666666667
2013-06-25,24.193333333333335,71.88888888888889,3.3333333333333335
2013-06-26,21.52638888888889,93.88888888888889,1.7777777777777777
2013-06-27,22.251111111111115,91.55555555555556,1.7777777777777777
2013-06-28,23.573055555555555,84.44444444444444,1.3333333333333333
2013-06-29,20.555555555555557,86.55555555555556,1.4444444444444444
2013-06-30,19.418944444444445,87.11111111111111,2.2222222222222223
2013-07-01,19.968888888888884,73.44444444444444,3.3333333333333335
2013-07-02,18.666666666666668,63.0,4.0
2013-07-03,18.230222222222224,77.33333333333333,2.888888888888889
2013-07-04,21.5,79.66666666666667,2.0
2013-07-05,23.56555555555556,73.44444444444444,3.3333333333333335
2013-07-06,22.663333333333334,83.77777777777777,1.0
2013-07-07,23.947777777777777,77.55555555555556,1.8888888888888888
2013-07-08,22.951666666666668,90.0,2.5555555555555554
2013-07-09,22.86388888888889,87.22222222222223,1.7777777777777777
2013-07-10,23.527777777777775,98.11111111111111,0.8888888888888888
2013-07-11,26.671111111111113,78.22222222222223,3.111111111111111
2013-07-12,20.383000000000003,79.77777777777777,0.8888888888888888
2013-07-13,18.870555555555555,82.88888888888889,1.3333333333333333
2013-07-14,21.455,70.11111111111111,1.8888888888888888
2013-07-15,24.515722222222223,83.11111111111111,1.0
2013-07-16,25.29222222222222,81.22222222222223,1.0
2013-07-17,25.92111111111111,87.66666666666667,1.0
2013-07-18,27.290000000000003,82.33333333333333,2.4444444444444446
2013-07-19,27.51,76.66666666666667,1.8888888888888888
2013-07-20,28.154444444444447,73.66666666666667,4.333333333333333
2013-07-21,23.658333333333335,83.44444444444444,2.2222222222222223
2013-07-22,21.00777777777778,87.22222222222223,3.3333333333333335
2013-07-23,22.263333333333335,78.66666666666667,2.2222222222222223
2013-07-24,20.938222222222223,91.77777777777777,3.111111111111111
2013-07-25,16.633333333333336,83.44444444444444,0.4444444444444444
2013-07-26,17.137555555555554,87.11111111111111,1.3333333333333333
2013-07-27,19.27777777777778,76.44444444444444,1.2222222222222223
2013-07-28,19.858888888888888,88.77777777777777,3.0
2013-07-29,14.659444444444444,76.77777777777777,3.6666666666666665
2013-07-30,16.264444444444443,81.77777777777777,3.6666666666666665
2013-07-31,17.25222222222222,88.44444444444444,1.0
2013-08-01,20.214444444444442,84.77777777777777,1.2222222222222223
2013-08-02,19.77111111111111,97.55555555555556,1.0
2013-08-03,18.192222222222224,83.33333333333333,2.111111111111111
2013-08-04,19.626666666666665,83.0,1.1111111111111112
2013-08-05,17.071111111111108,73.22222222222223,1.8888888888888888
2013-08-06,17.725555555555555,80.66666666666667,1.3333333333333333
2013-08-07,20.039055555555553,93.88888888888889,2.2222222222222223
2013-08-08,20.803333333333335,93.11111111111111,3.5555555555555554
2013-08-09,20.51888888888889,87.22222222222223,3.6666666666666665
2013-08-10,19.252055555555554,80.66666666666667,1.3333333333333333
2013-08-11,19.547777777777778,80.77777777777777,1.2222222222222223
2013-08-12,19.363333333333333,85.0,1.0
2013-08-13,19.029999999999998,92.0,1.1111111111111112
2013-08-14,16.81697777777778,94.44444444444444,2.7777777777777777
2013-08-15,15.430700000000002,72.88888888888889,2.5555555555555554
2013-08-16,16.517222222222227,73.33333333333333,1.6666666666666667
2013-08-17,17.793944444444445,78.11111111111111,1.0
2013-08-18,17.742222222222225,82.44444444444444,1.0
2013-08-19,19.633333333333336,80.77777777777777,1.1111111111111112
2013-08-20,19.863333333333333,79.33333333333333,1.1111111111111112
2013-08-21,21.577222222222222,72.66666666666667,1.4444444444444444
2013-08-22,23.033333333333335,79.22222222222223,2.0
2013-08-23,23.68333333333333,81.0,3.888888888888889
2013-08-24,21.124555555555556,71.33333333333333,1.8888888888888888
2013-08-25,19.52,77.66666666666667,1.5555555555555556
2013-08-26,20.66338888888889,75.22222222222223,2.5555555555555554
2013-08-27,23.73211111111111,92.88888888888889,2.5555555555555554
2013-08-28,23.126444444444445,92.88888888888889,3.888888888888889
2013-08-29,23.166277777777776,90.44444444444444,3.0
2013-08-30,22.711111111111112,94.22222222222223,1.4444444444444444
2013-08-31,21.93894444444444,97.55555555555556,2.0
2013-09-01,19.883277777777778,96.11111111111111,1.2222222222222223
2013-09-02,21.255000000000003,82.88888888888889,2.2222222222222223
2013-09-03,15.850544444444445,92.44444444444444,4.0
2013-09-04,17.976533333333332,83.22222222222223,2.5555555555555554
2013-09-05,16.72857777777778,78.0,3.111111111111111
2013-09-06,14.690466666666667,71.22222222222223,1.1111111111111112
2013-09-07,19.22142222222222,79.11111111111111,3.111111111111111
2013-09-08,19.7364,84.55555555555556,4.222222222222222
2013-09-09,16.30611111111111,87.11111111111111,2.111111111111111
2013-09-10,25.773633333333333,76.44444444444444,3.0
2013-09-11,25.447188888888892,79.66666666666667,3.0
2013-09-12,21.066,81.44444444444444,2.0
2013-09-13,13.034444444444444,75.0,5.111111111111111
2013-09-14,10.166255555555557,84.33333333333333,2.0
2013-09-15,13.536888888888889,87.55555555555556,2.4444444444444446
2013-09-16,13.671588888888891,86.11111111111111,3.4444444444444446
2013-09-17,11.297255555555557,82.66666666666667,2.3333333333333335
2013-09-18,14.547777777777778,84.77777777777777,2.111111111111111
2013-09-19,18.75177777777778,91.22222222222223,3.0
2013-09-20,21.945811111111112,93.66666666666667,3.6666666666666665
2013-09-21,17.073677777777775,96.88888888888889,3.2222222222222223
2013-09-22,10.927466666666668,80.44444444444444,4.0
2013-09-23,9.950700000000001,88.44444444444444,1.6666666666666667
2013-09-24,10.378466666666666,84.55555555555556,1.7777777777777777
2013-09-25,12.202222222222224,85.44444444444444,2.4444444444444446
2013-09-26,13.66888888888889,78.44444444444444,2.111111111111111
2013-09-27,14.194444444444445,87.22222222222223,2.111111111111111
2013-09-28,16.330555555555556,90.66666666666667,1.2222222222222223
2013-09-29,16.751666666666665,95.77777777777777,3.6666666666666665
2013-09-30,16.367444444444445,88.11111111111111,2.0
2013-10-01,16.645944444444446,90.44444444444444,3.2222222222222223
2013-10-02,19.352777777777774,83.22222222222223,2.5555555555555554
2013-10-03,17.817222222222224,92.44444444444444,2.4444444444444446
2013-10-04,20.78611111111111,91.44444444444444,1.8888888888888888
2013-10-05,19.563333333333333,98.11111111111111,2.0
2013-10-06,20.358333333333334,94.33333333333333,2.6666666666666665
2013-10-07,10.209444444444445,85.77777777777777,3.4444444444444446
2013-10-08,10.469022222222222,90.44444444444444,1.1111111111111112
2013-10-09,12.290000000000001,86.55555555555556,1.6666666666666667
2013-10-10,11.736666666666666,87.88888888888889,1.5555555555555556
2013-10-11,11.94222222222222,88.44444444444444,2.111111111111111
2013-10-12,14.519666666666666,83.33333333333333,1.7777777777777777
2013-10-13,15.855944444444443,74.0,2.888888888888889
2013-10-14,10.61111111111111,86.0,1.4444444444444444
2013-10-15,10.892277777777776,87.44444444444444,1.5555555555555556
2013-10-16,15.06708888888889,85.55555555555556,4.555555555555555
2013-10-17,10.577422222222221,87.22222222222223,2.4444444444444446
2013-10-18,8.796666666666667,86.33333333333333,3.4444444444444446
2013-10-19,7.317466666666667,96.66666666666667,2.111111111111111
2013-10-20,7.749499999999999,76.66666666666667,2.6666666666666665
2013-10-21,11.720366666666669,80.44444444444444,5.0
2013-10-22,5.8163,78.55555555555556,4.111111111111111
2013-10-23,3.6193999999999997,84.11111111111111,3.5555555555555554
2013-10-24,2.8622111111111113,89.77777777777777,4.111111111111111
2013-10-25,3.488277777777778,88.11111111111111,3.6666666666666665
2013-10-26,6.124611111111111,71.44444444444444,6.444444444444445
2013-10-27,4.333388888888888,93.44444444444444,3.3333333333333335
2013-10-28,5.383333333333333,93.44444444444444,3.5555555555555554
2013-10-29,4.038111111111111,94.33333333333333,2.6666666666666665
2013-10-30,7.191999999999999,89.0,1.1111111111111112
2013-10-31,14.359666666666666,92.33333333333333,7.888888888888889
2013-11-01,9.865222222222222,92.88888888888889,8.555555555555555
2013-11-02,7.195555555555554,100.0,3.6666666666666665
2013-11-03,2.6773333333333333,100.0,2.3333333333333335
2013-11-04,4.581277777777778,94.88888888888889,5.222222222222222
2013-11-05,8.201611111111111,88.44444444444444,3.7777777777777777
2013-11-06,11.0282,75.33333333333333,2.6666666666666665
2013-11-07,4.702222222222222,75.22222222222223,3.0
2013-11-08,2.4055555555555554,76.66666666666667,1.6666666666666667
2013-11-09,7.183333333333334,73.77777777777777,1.8888888888888888
2013-11-10,6.931111111111111,62.77777777777778,4.111111111111111
2013-11-11,5.078888888888888,78.44444444444444,2.888888888888889
2013-11-12,-1.8499999999999994,75.88888888888889,4.0
2013-11-13,-2.1833333333333327,75.0,1.5555555555555556
2013-11-14,0.928888888888889,74.33333333333333,3.3333333333333335
2013-11-15,5.442222222222222,75.0,1.3333333333333333
2013-11-16,4.607333333333334,83.11111111111111,3.6666666666666665
2013-11-17,12.840555555555556,90.11111111111111,4.555555555555555
2013-11-18,7.11111111111111,69.0,5.0
2013-11-19,1.5044444444444445,64.77777777777777,4.0
2013-11-20,0.1277777777777779,88.33333333333333,4.0
2013-11-21,5.933333333333334,77.11111111111111,4.0
2013-11-22,7.39777777777778,98.33333333333333,4.0
2013-11-23,-2.5144444444444445,82.77777777777777,4.0
2013-11-24,-7.697777777777778,72.0,4.111111111111111
2013-11-25,-4.990555555555556,67.66666666666667,4.333333333333333
2013-11-26,-0.5262222222222223,85.11111111111111,3.3333333333333335
2013-11-27,-3.9177777777777782,72.11111111111111,4.0
2013-11-28,-5.670555555555556,84.77777777777777,3.6666666666666665
2013-11-29,-5.552444444444444,88.55555555555556,3.4444444444444446
2013-11-30,0.3077777777777778,81.33333333333333,3.3333333333333335
2013-12-01,0.7911111111111112,81.33333333333333,2.5555555555555554
2013-12-02,1.2144444444444447,76.55555555555556,1.7777777777777777
2013-12-03,0.5977777777777777,80.66666666666667,2.2222222222222223
2013-12-04,4.835555555555556,79.22222222222223,2.6666666666666665
2013-12-05,10.081111111111111,81.33333333333333,4.0
2013-12-06,-1.6866666666666665,70.22222222222223,3.7777777777777777
2013-12-07,-5.765555555555554,71.11111111111111,2.6666666666666665
2013-12-08,-7.747777777777778,73.55555555555556,2.0
2013-12-09,-1.6732777777777776,79.22222222222223,3.0
2013-12-10,-8.78,75.66666666666667,4.0
2013-12-11,-6.694444444444444,77.44444444444444,1.6666666666666667
2013-12-12,-11.306666666666668,78.22222222222223,2.4444444444444446
2013-12-13,-5.271111111111112,82.55555555555556,4.0
2013-12-14,-7.343333333333334,89.55555555555556,4.333333333333333
2013-12-15,-5.687777777777778,88.77777777777777,4.111111111111111
2013-12-16,-10.675555555555555,79.88888888888889,3.5555555555555554
2013-12-17,-7.009166666666666,89.33333333333333,2.6666666666666665
2013-12-18,-3.4411111111111112,85.44444444444444,2.6666666666666665
2013-12-19,-1.161111111111111,76.55555555555556,1.5555555555555556
2013-12-20,1.7488888888888887,89.44444444444444,2.888888888888889
2013-12-21,1.1144444444444443,90.88888888888889,3.111111111111111
2013-12-22,1.0816666666666668,90.66666666666667,3.3333333333333335
2013-12-23,-1.0866666666666667,82.88888888888889,2.7777777777777777
2013-12-24,-9.13,78.66666666666667,3.2222222222222223
2013-12-25,-7.889999999999999,79.55555555555556,2.111111111111111
2013-12-26,-2.8377777777777777,84.11111111111111,2.111111111111111
2013-12-27,-1.1044444444444443,84.77777777777777,2.5555555555555554
2013-12-28,1.9966666666666666,84.44444444444444,2.888888888888889
2013-12-29,2.8411111111111107,76.55555555555556,2.0
2013-12-30,-7.996666666666666,66.11111111111111,2.0
2013-12-31,-8.641666666666666,78.11111111111111,2.888888888888889
2014-01-01,-10.424444444444445,79.88888888888889,3.111111111111111
2014-01-02,-10.732222222222225,80.11111111111111,3.3333333333333335
2014-01-03,-16.24111111111111,76.66666666666667,2.4444444444444446
2014-01-04,-7.978888888888889,71.66666666666667,3.3333333333333335
2014-01-05,-1.7122222222222225,90.0,3.3333333333333335
2014-01-06,-11.160000000000002,83.77777777777777,2.6666666666666665
2014-01-07,8.218222222222224,75.0,3.888888888888889
2014-01-08,-15.016666666666667,77.77777777777777,2.7777777777777777
2014-01-09,-15.445555555555554,82.77777777777777,3.2222222222222223
2014-01-10,-1.1955555555555555,90.88888888888889,1.4444444444444444
2014-01-11,4.822222222222221,85.22222222222223,2.888888888888889
2014-01-12,1.221111111111111,77.22222222222223,2.4444444444444446
2014-01-13,3.638888888888889,77.55555555555556,2.7777777777777777
2014-01-14,-0.2922222222222222,80.22222222222223,1.6666666666666667
2014-01-15,-3.0549999999999997,73.11111111111111,3.6666666666666665
2014-01-16,-5.977777777777778,74.44444444444444,3.111111111111111
2014-01-17,5.040866666666667,76.77777777777777,3.888888888888889
2014-01-18,11.468000000000002,75.0,4.0
2014-01-19,-4.892444444444444,81.0,3.7777777777777777
2014-01-20,-3.6109444444444443,80.77777777777777,3.3333333333333335
2014-01-21,-13.956666666666665,74.22222222222223,3.0
2014-01-22,-16.128888888888888,75.0,2.888888888888889
2014-01-23,-13.136666666666667,79.88888888888889,2.2222222222222223
2014-01-24,-16.66666666666667,78.33333333333333,3.3333333333333335
2014-01-25,-5.241111111111111,84.44444444444444,1.7777777777777777
2014-01-26,-13.60388888888889,79.11111111111111,2.888888888888889
2014-01-27,-12.315555555555555,57.666666666666664,7.333333333333333
2014-01-28,-20.42,74.55555555555556,3.6666666666666665
2014-01-29,-15.684444444444445,66.0,4.444444444444445
2014-01-30,-9.870000000000001,57.22222222222222,5.111111111111111
2014-01-31,-1.0311111111111113,72.77777777777777,0.3333333333333333
2014-02-01,-2.492222222222223,90.66666666666667,0.2222222222222222
2014-02-02,-4.8533333333333335,89.88888888888889,1.3333333333333333
2014-02-03,-10.739999999999998,81.66666666666667,0.3333333333333333
2014-02-04,-11.952222222222224,82.44444444444444,0.1111111111111111
2014-02-05,-6.165555555555557,88.11111111111111,6.222222222222222
2014-02-06,-12.308888888888891,80.66666666666667,1.6666666666666667
2014-02-07,-16.271111111111107,73.55555555555556,3.7777777777777777
2014-02-08,-13.53888888888889,70.0,1.6666666666666667
2014-02-09,-9.33,83.77777777777777,0.5555555555555556
2014-02-10,-10.056666666666667,80.11111111111111,3.2222222222222223
2014-02-11,-12.059999999999999,66.11111111111111,2.111111111111111
2014-02-12,-16.33888888888889,80.11111111111111,0.5555555555555556
2014-02-13,-8.363333333333333,66.55555555555556,1.2222222222222223
2014-02-14,-3.8700000000000006,82.11111111111111,2.3333333333333335
2014-02-15,-11.423333333333334,69.44444444444444,3.5555555555555554
2014-02-16,-8.823333333333334,82.88888888888889,0.6666666666666666
2014-02-17,-14.425555555555555,77.0,1.5555555555555556
2014-02-18,-4.707777777777778,77.22222222222223,4.666666666666667
2014-02-19,2.251666666666667,77.0,3.8333333333333335
2014-02-20,-1.125,92.0,0.0
2014-02-21,2.67375,71.125,7.125
2014-02-22,0.48857142857142855,42.857142857142854,5.857142857142857
2014-02-23,-3.6144444444444437,60.666666666666664,3.888888888888889
2014-02-24,-6.2988888888888885,58.666666666666664,5.666666666666667
2014-02-25,-8.372222222222222,56.666666666666664,2.7777777777777777
2014-02-26,-12.863333333333335,59.55555555555556,3.6666666666666665
2014-02-27,-11.553333333333335,57.0,6.444444444444445
2014-02-28,-16.676666666666662,45.666666666666664,1.3333333333333333
2014-03-01,-4.706666666666667,74.22222222222223,1.0
2014-03-02,-12.262222222222224,71.88888888888889,3.111111111111111
2014-03-03,-16.40111111111111,56.111111111111114,2.7777777777777777
2014-03-04,-12.81777777777778,53.666666666666664,2.2222222222222223
2014-03-05,-7.751111111111111,61.888888888888886,2.3333333333333335
2014-03-06,-10.296666666666665,65.22222222222223,3.7777777777777777
2014-03-07,-6.7266666666666675,66.66666666666667,0.7777777777777778
2014-03-08,-0.050000000000000024,75.2,3.8
2014-03-09,-5.860000000000001,70.625,2.875
2014-03-10,3.55625,71.25,2.625
2014-03-11,5.204285714285715,69.85714285714286,1.0
2014-03-12,-1.7844444444444447,89.11111111111111,6.0
2014-03-13,-12.754444444444445,63.0,2.3333333333333335
2014-03-14,1.1322222222222227,65.77777777777777,5.555555555555555
2014-03-15,2.5455555555555556,63.55555555555556,5.444444444444445
2014-03-16,-8.553333333333335,63.44444444444444,4.888888888888889
2014-03-17,-9.560000000000002,58.0,3.3333333333333335
2014-03-18,-1.2044444444444444,68.66666666666667,2.111111111111111
2014-03-19,5.232857142857143,86.57142857142857,2.5714285714285716
2014-03-20,1.5722222222222224,77.44444444444444,5.888888888888889
2014-03-21,-1.7037500000000003,65.625,1.25
2014-03-22,2.15,75.71428571428571,5.0
2014-03-23,-7.25,53.22222222222222,4.555555555555555
2014-03-24,-6.182222222222222,50.333333333333336,1.4444444444444444
2014-03-25,-3.7266666666666666,66.33333333333333,3.3333333333333335
2014-03-26,-8.41111111111111,58.55555555555556,2.3333333333333335
2014-03-27,0.40142857142857136,64.85714285714286,4.142857142857143
2014-03-28,8.707777777777778,80.44444444444444,7.333333333333333
2014-03-29,1.5211111111111113,84.0,3.888888888888889
2014-03-30,0.4155555555555554,58.888888888888886,3.0
2014-03-31,3.4399999999999995,58.0,1.1111111111111112
2014-04-01,10.427142857142856,53.57142857142857,4.428571428571429
2014-04-02,3.7911111111111118,55.55555555555556,2.5555555555555554
2014-04-03,1.66,57.0,5.0
2014-04-04,3.0133333333333336,99.22222222222223,2.5555555555555554
2014-04-05,3.745,57.5,7.5
2014-04-06,3.585,47.25,0.875
2014-04-07,4.007777777777777,51.666666666666664,2.6666666666666665
2014-04-08,6.736666666666667,71.33333333333333,3.3333333333333335
2014-04-09,5.777777777777778,52.0,2.3333333333333335
2014-04-10,11.654444444444444,49.44444444444444,6.222222222222222
2014-04-11,9.122857142857143,49.285714285714285,0.8571428571428571
2014-04-12,13.276,42.2,0.8
2014-04-13,14.347777777777777,74.33333333333333,2.4444444444444446
2014-04-14,18.806666666666665,61.333333333333336,7.555555555555555
2014-04-15,-2.3825,73.25,4.875
2014-04-16,-1.4777777777777774,49.666666666666664,1.1111111111111112
2014-04-17,6.648571428571429,49.714285714285715,2.4285714285714284
2014-04-18,9.865555555555554,76.77777777777777,0.6666666666666666
2014-04-19,5.258749999999999,64.875,3.25
2014-04-20,7.88185,59.75,1.125
2014-04-21,13.426666666666666,46.666666666666664,1.1111111111111112
2014-04-22,12.109999999999998,73.22222222222223,5.888888888888889
2014-04-23,5.123333333333334,60.77777777777778,4.333333333333333
2014-04-24,6.151111111111111,33.666666666666664,1.1111111111111112
2014-04-25,7.654444444444445,61.888888888888886,2.2222222222222223
2014-04-26,8.2075,66.0,4.375
2014-04-27,4.9,61.77777777777778,2.7777777777777777
2014-04-28,9.374285714285715,45.857142857142854,7.857142857142857
2014-04-29,10.476677777777777,96.33333333333333,5.111111111111111
2014-04-30,11.029555555555557,97.0,2.7777777777777777
2014-05-01,8.485611111111112,88.33333333333333,4.333333333333333
2014-05-02,9.657333333333334,73.66666666666667,5.0
2014-05-03,9.412166666666666,86.55555555555556,4.222222222222222
2014-05-04,10.358922222222224,55.666666666666664,3.3333333333333335
2014-05-05,7.094444444444445,70.88888888888889,1.3333333333333333
2014-05-06,8.300644444444444,64.11111111111111,2.4444444444444446
2014-05-07,8.695555555555554,80.33333333333333,3.0
2014-05-08,14.72777777777778,76.11111111111111,2.3333333333333335
2014-05-09,21.209999999999997,60.111111111111114,3.4444444444444446
2014-05-10,14.251000000000001,63.888888888888886,3.5555555555555554
2014-05-11,14.705555555555556,51.0,1.8888888888888888
2014-05-12,18.32488888888889,80.88888888888889,2.2222222222222223
2014-05-13,22.641555555555556,80.55555555555556,3.888888888888889
2014-05-14,13.589000000000002,88.77777777777777,2.2222222222222223
2014-05-15,13.196777777777775,95.88888888888889,2.5555555555555554
2014-05-16,5.666666666666667,75.55555555555556,2.4444444444444446
2014-05-17,8.962222222222222,60.44444444444444,2.111111111111111
2014-05-18,10.52111111111111,58.666666666666664,3.0
2014-05-19,13.91,45.44444444444444,2.4444444444444446
2014-05-20,14.675555555555555,64.88888888888889,1.5555555555555556
2014-05-21,18.253333333333337,84.77777777777777,1.6666666666666667
2014-05-22,17.50222222222222,65.22222222222223,4.777777777777778
2014-05-23,13.53,63.55555555555556,3.4444444444444446
2014-05-24,17.268888888888892,58.333333333333336,1.3333333333333333
2014-05-25,18.87222222222222,53.44444444444444,1.1111111111111112
2014-05-26,21.254444444444445,50.22222222222222,3.0
2014-05-27,23.01777777777778,72.22222222222223,2.7777777777777777
2014-05-28,16.615555555555552,89.44444444444444,0.8888888888888888
2014-05-29,15.408888888888889,77.55555555555556,1.5555555555555556
2014-05-30,17.173333333333332,66.0,0.6666666666666666
2014-05-31,19.47222222222222,56.111111111111114,2.111111111111111
2014-06-01,19.03111111111111,57.22222222222222,2.2222222222222223
2014-06-02,22.848888888888887,72.22222222222223,3.888888888888889
2014-06-03,23.1019,74.11111111111111,5.111111111111111
2014-06-04,17.153588888888887,69.0,1.2222222222222223
2014-06-05,15.713333333333335,56.77777777777778,2.2222222222222223
2014-06-06,16.31,58.333333333333336,1.2222222222222223
2014-06-07,19.183333333333334,59.333333333333336,1.0
2014-06-08,17.114444444444445,77.88888888888889,2.3333333333333335
2014-06-09,17.68571111111111,71.66666666666667,1.8888888888888888
2014-06-10,18.063222222222223,64.77777777777777,1.3333333333333333
2014-06-11,19.220955555555555,91.88888888888889,2.3333333333333335
2014-06-12,20.02281111111111,93.22222222222223,2.3333333333333335
2014-06-13,18.461133333333333,68.11111111111111,3.4444444444444446
2014-06-14,13.499533333333334,73.77777777777777,2.3333333333333335
2014-06-15,17.12782222222222,70.22222222222223,2.4444444444444446
2014-06-16,24.41326666666667,62.666666666666664,3.0
2014-06-17,24.52242222222222,64.88888888888889,3.7777777777777777
2014-06-18,19.530877777777775,92.33333333333333,0.6666666666666666
2014-06-19,19.346633333333333,92.0,3.3333333333333335
2014-06-20,17.20382222222222,70.22222222222223,1.8888888888888888
2014-06-21,18.761233333333333,66.88888888888889,1.4444444444444444
2014-06-22,20.007311111111115,59.111111111111114,1.1111111111111112
2014-06-23,21.089688888888887,74.22222222222223,1.5555555555555556
2014-06-24,21.84728888888889,84.77777777777777,2.7777777777777777
2014-06-25,18.697222222222223,90.88888888888889,2.7777777777777777
2014-06-26,18.440744444444444,83.66666666666667,1.5555555555555556
2014-06-27,19.784888888888887,67.11111111111111,1.0
2014-06-28,22.643044444444442,81.44444444444444,2.111111111111111
2014-06-29,24.865677777777776,75.88888888888889,3.3333333333333335
2014-06-30,24.88238888888889,78.66666666666667,3.4444444444444446
2014-07-01,24.305033333333334,73.77777777777777,5.333333333333333
2014-07-02,23.379566666666665,72.77777777777777,3.888888888888889
2014-07-03,17.904255555555554,82.77777777777777,2.6666666666666665
2014-07-04,17.8,64.22222222222223,2.0
2014-07-05,19.535555555555558,47.77777777777778,2.4444444444444446
2014-07-06,21.543333333333337,60.111111111111114,2.888888888888889
2014-07-07,24.32222222222222,86.33333333333333,4.666666666666667
2014-07-08,21.497266666666665,91.77777777777777,2.7777777777777777
2014-07-09,19.7,75.77777777777777,2.111111111111111
2014-07-10,19.928888888888892,66.88888888888889,1.6666666666666667
2014-07-11,20.024,65.22222222222223,1.0
2014-07-12,23.74,64.33333333333333,2.111111111111111
2014-07-13,24.29777777777777,81.44444444444444,4.0
2014-07-14,22.019333333333332,87.33333333333333,1.8888888888888888
2014-07-15,19.41888888888889,66.0,4.888888888888889
2014-07-16,14.286666666666665,78.44444444444444,3.111111111111111
2014-07-17,18.4,59.888888888888886,2.7777777777777777
2014-07-18,19.09333333333333,61.666666666666664,1.0
2014-07-19,19.332222222222224,81.66666666666667,1.4444444444444444
2014-07-20,19.65888888888889,78.88888888888889,1.3333333333333333
2014-07-21,21.936666666666667,70.44444444444444,1.4444444444444444
2014-07-22,23.61555555555556,63.77777777777778,2.3333333333333335
2014-07-23,21.425555555555558,75.0,4.666666666666667
2014-07-24,18.071166666666667,78.66666666666667,3.2222222222222223
2014-07-25,18.190611111111114,62.666666666666664,2.4444444444444446
2014-07-26,20.765555555555554,66.33333333333333,2.6666666666666665
2014-07-27,22.52,81.66666666666667,2.4444444444444446
2014-07-28,17.105,94.22222222222223,6.555555555555555
2014-07-29,14.895555555555555,91.11111111111111,2.3333333333333335
2014-07-30,17.42091111111111,85.0,1.2222222222222223
2014-07-31,17.445555555555554,67.11111111111111,2.6666666666666665
2014-08-01,20.433666666666667,76.66666666666667,1.4444444444444444
2014-08-02,20.771211111111114,85.0,1.0
2014-08-03,21.174744444444443,80.88888888888889,1.1111111111111112
2014-08-04,22.325544444444443,67.22222222222223,2.111111111111111
2014-08-05,19.44666666666667,94.77777777777777,1.4444444444444444
2014-08-06,18.905555555555555,81.66666666666667,2.5555555555555554
2014-08-07,18.98925555555556,88.11111111111111,1.4444444444444444
2014-08-08,18.460866666666668,90.22222222222223,1.8888888888888888
2014-08-09,18.83372222222222,87.33333333333333,2.4444444444444446
2014-08-10,20.242944444444447,86.11111111111111,2.4444444444444446
2014-08-11,20.808555555555557,90.66666666666667,3.2222222222222223
2014-08-12,19.776722222222222,99.22222222222223,3.111111111111111
2014-08-13,16.508111111111113,94.77777777777777,5.222222222222222
2014-08-14,15.193777777777777,92.77777777777777,5.0
2014-08-15,14.701222222222222,90.0,3.2222222222222223
2014-08-16,17.585277777777776,80.22222222222223,4.111111111111111
2014-08-17,19.32166666666667,94.0,1.1111111111111112
2014-08-18,17.782111111111114,93.55555555555556,1.8888888888888888
2014-08-19,20.717444444444446,86.55555555555556,3.3333333333333335
2014-08-20,21.90211111111111,91.44444444444444,2.3333333333333335
2014-08-21,21.107555555555557,87.88888888888889,1.4444444444444444
2014-08-22,20.948666666666664,99.11111111111111,1.0
2014-08-23,20.427444444444443,93.88888888888889,2.0
2014-08-24,20.654611111111112,95.55555555555556,2.5555555555555554
2014-08-25,22.44927777777778,85.22222222222223,2.3333333333333335
2014-08-26,24.329277777777783,84.55555555555556,2.5555555555555554
2014-08-27,19.487333333333332,94.33333333333333,2.888888888888889
2014-08-28,17.207388888888886,92.55555555555556,2.5555555555555554
2014-08-29,18.44438888888889,90.22222222222223,3.2222222222222223
2014-08-30,23.339166666666667,77.88888888888889,4.777777777777778
2014-08-31,21.919388888888886,93.66666666666667,3.0
2014-09-01,22.72877777777778,88.88888888888889,3.2222222222222223
2014-09-02,20.106055555555557,94.55555555555556,3.111111111111111
2014-09-03,19.873833333333334,84.0,1.1111111111111112
2014-09-04,22.802611111111112,80.33333333333333,3.3333333333333335
2014-09-05,24.740555555555556,84.22222222222223,4.0
2014-09-06,18.61466666666667,97.44444444444444,3.5555555555555554
2014-09-07,16.657777777777778,92.77777777777777,1.6666666666666667
2014-09-08,17.56911111111111,88.55555555555556,2.3333333333333335
2014-09-09,20.07011111111111,90.44444444444444,3.0
2014-09-10,21.34511111111111,88.77777777777777,4.777777777777778
2014-09-11,15.404499999999997,99.0,5.444444444444445
2014-09-12,11.671,100.0,3.111111111111111
2014-09-13,12.116499999999998,100.0,4.666666666666667
2014-09-14,9.341055555555556,98.55555555555556,0.8888888888888888
2014-09-15,12.30888888888889,94.0,2.0
2014-09-16,12.23138888888889,98.0,2.3333333333333335
2014-09-17,11.326833333333333,93.33333333333333,1.2222222222222223
2014-09-18,12.759333333333332,95.0,2.7777777777777777
2014-09-19,9.400111111111109,97.11111111111111,1.1111111111111112
2014-09-20,16.484666666666666,80.22222222222223,5.0
2014-09-21,17.391277777777777,93.0,5.555555555555555
2014-09-22,9.534500000000001,98.0,4.666666666666667
2014-09-23,11.808777777777777,92.88888888888889,1.5555555555555556
2014-09-24,14.526722222222222,88.88888888888889,2.111111111111111
2014-09-25,16.114111111111114,88.88888888888889,2.4444444444444446
2014-09-26,14.74088888888889,88.55555555555556,1.4444444444444444
2014-09-27,15.483888888888892,89.55555555555556,1.0
2014-09-28,15.982222222222223,87.11111111111111,1.0
2014-09-29,16.359888888888886,89.22222222222223,0.6666666666666666
2014-09-30,13.248944444444442,99.88888888888889,3.6666666666666665
2014-10-01,13.153833333333333,97.66666666666667,1.0
2014-10-02,16.915277777777774,89.77777777777777,2.5555555555555554
2014-10-03,18.516,86.66666666666667,7.555555555555555
2014-10-04,7.5571111111111104,100.0,6.555555555555555
2014-10-05,8.598444444444446,98.66666666666667,6.0
2014-10-06,11.534666666666668,89.66666666666667,4.444444444444445
2014-10-07,11.301444444444444,93.77777777777777,4.888888888888889
2014-10-08,10.574944444444444,89.44444444444444,5.555555555555555
2014-10-09,8.502666666666666,91.11111111111111,3.3333333333333335
2014-10-10,7.220722222222221,95.33333333333333,2.5555555555555554
2014-10-11,7.330722222222221,93.44444444444444,3.3333333333333335
2014-10-12,7.975055555555555,91.66666666666667,3.3333333333333335
2014-10-13,15.38605555555556,95.22222222222223,4.222222222222222
2014-10-14,17.787499999999998,87.0,7.0
2014-10-15,14.268777777777776,98.0,2.5555555555555554
2014-10-16,12.803055555555554,93.22222222222223,1.2222222222222223
2014-10-17,12.858333333333334,95.33333333333333,4.888888888888889
2014-10-18,8.846833333333334,94.55555555555556,7.0
2014-10-19,4.427499999999999,99.11111111111111,3.111111111111111
2014-10-20,9.518666666666668,94.0,4.555555555555555
2014-10-21,8.461777777777778,98.66666666666667,5.555555555555555
2014-10-22,8.032444444444444,95.88888888888889,3.7777777777777777
2014-10-23,5.905111111111111,97.55555555555556,2.0
2014-10-24,6.907555555555557,92.77777777777777,1.3333333333333333
2014-10-25,11.242944444444444,90.22222222222223,4.666666666666667
2014-10-26,8.663333333333334,78.77777777777777,5.0
2014-10-27,7.684777777777778,83.77777777777777,2.3333333333333335
2014-10-28,16.230277777777776,79.66666666666667,5.444444444444445
2014-10-29,8.412500000000001,83.77777777777777,4.666666666666667
2014-10-30,4.504888888888889,97.44444444444444,2.3333333333333335
2014-10-31,6.187333333333333,95.44444444444444,1.7777777777777777
2014-11-01,4.0536666666666665,98.66666666666667,8.11111111111111
2014-11-02,1.1075555555555556,97.33333333333333,3.6666666666666665
2014-11-03,4.896,84.55555555555556,4.888888888888889
2014-11-04,10.548722222222223,70.44444444444444,6.111111111111111
2014-11-05,7.988555555555556,82.11111111111111,5.222222222222222
2014-11-06,6.96011111111111,90.33333333333333,1.5555555555555556
2014-11-07,2.2368333333333337,97.44444444444444,6.222222222222222
2014-11-08,4.397888888888889,93.11111111111111,6.222222222222222
2014-11-09,2.410277777777778,95.33333333333333,3.888888888888889
2014-11-10,5.903888888888888,87.55555555555556,2.888888888888889
2014-11-11,10.056222222222225,70.22222222222223,5.333333333333333
2014-11-12,0.9018333333333332,94.22222222222223,6.111111111111111
2014-11-13,-0.7592222222222221,98.44444444444444,3.111111111111111
2014-11-14,-3.1528888888888886,99.66666666666667,4.333333333333333
2014-11-15,-4.783777777777778,100.0,3.0
2014-11-16,-1.7495,100.0,3.2222222222222223
2014-11-17,-1.5736111111111108,100.0,2.888888888888889
2014-11-18,-6.293444444444444,100.0,8.444444444444445
2014-11-19,-6.541999999999998,100.0,6.888888888888889
2014-11-20,-3.2232222222222227,100.0,6.666666666666667
2014-11-21,-8.976,100.0,3.7777777777777777
2014-11-22,-0.18477777777777785,100.0,6.444444444444445
2014-11-23,6.575444444444444,93.44444444444444,5.0
2014-11-24,11.757666666666667,89.33333333333333,9.0
2014-11-25,-0.34044444444444444,98.66666666666667,7.888888888888889
2014-11-26,-3.1590000000000003,99.0,2.0
2014-11-27,-1.8156666666666663,98.66666666666667,4.111111111111111
2014-11-28,-7.394055555555555,100.0,2.7777777777777777
2014-11-29,1.5474999999999999,89.55555555555556,5.888888888888889
2014-11-30,11.06738888888889,84.11111111111111,6.333333333333333
2014-12-01,-1.8917222222222223,99.11111111111111,5.0
2014-12-02,-4.370666666666667,93.33333333333333,3.6666666666666665
2014-12-03,0.6792222222222222,85.11111111111111,5.333333333333333
2014-12-04,-4.958722222222223,93.0,2.111111111111111
2014-12-05,-0.324722222222222,88.66666666666667,1.4444444444444444
2014-12-06,1.026,89.22222222222223,4.222222222222222
2014-12-07,-4.086,91.11111111111111,3.111111111111111
2014-12-08,1.6687222222222222,71.77777777777777,5.333333333333333
2014-12-09,1.5509444444444445,94.77777777777777,2.2222222222222223
2014-12-10,0.673888888888889,82.66666666666667,6.0
2014-12-11,-4.246222222222222,82.66666666666667,6.0
2014-12-12,-2.0341666666666667,88.66666666666667,3.7777777777777777
2014-12-13,0.7868888888888887,91.22222222222223,3.2222222222222223
2014-12-14,4.3902777777777775,90.77777777777777,3.111111111111111
2014-12-15,5.399333333333334,94.55555555555556,1.7777777777777777
2014-12-16,4.740722222222222,96.22222222222223,2.4444444444444446
2014-12-17,0.6603333333333333,89.77777777777777,6.666666666666667
2014-12-18,-1.7199444444444447,84.33333333333333,3.3333333333333335
2014-12-19,-4.820944444444445,90.66666666666667,2.0
2014-12-20,-6.306666666666667,88.88888888888889,1.0
2014-12-21,-5.466777777777778,87.33333333333333,1.1111111111111112
2014-12-22,-3.5740000000000003,82.77777777777777,1.8888888888888888
2014-12-23,4.203388888888889,90.55555555555556,4.0
2014-12-24,5.0633333333333335,94.77777777777777,1.8888888888888888
2014-12-25,2.446,91.88888888888889,6.111111111111111
2014-12-26,0.6582777777777777,91.11111111111111,3.888888888888889
2014-12-27,3.8640555555555554,90.0,4.111111111111111
2014-12-28,1.0583888888888886,84.22222222222223,2.888888888888889
2014-12-29,-5.097333333333333,87.77777777777777,2.888888888888889
2014-12-30,-9.269222222222222,89.77777777777777,3.111111111111111
2014-12-31,-10.357333333333335,88.44444444444444,4.444444444444445
2015-01-01,-6.7186111111111115,75.66666666666667,7.444444444444445
2015-01-02,-3.503277777777778,84.22222222222223,2.5555555555555554
2015-01-03,-1.915722222222222,88.88888888888889,3.7777777777777777
2015-01-04,1.2558333333333334,96.33333333333333,2.2222222222222223
2015-01-05,-11.520611111111114,82.77777777777777,7.333333333333333
2015-01-06,-13.108444444444444,88.11111111111111,3.0
2015-01-07,-13.434888888888889,69.88888888888889,6.777777777777778
2015-01-08,-13.271888888888888,80.66666666666667,6.0
2015-01-09,-9.959888888888889,78.0,6.777777777777778
2015-01-10,-13.298444444444444,79.66666666666667,5.333333333333333
2015-01-11,-9.052555555555555,81.44444444444444,4.0
2015-01-12,-3.5538888888888893,91.0,2.888888888888889
2015-01-13,-15.550166666666664,76.11111111111111,2.3333333333333335
2015-01-14,-20.18161111111111,65.44444444444444,1.1111111111111112
2015-01-15,-15.629666666666667,77.11111111111111,3.2222222222222223
2015-01-16,-5.2348333333333334,82.0,3.888888888888889
2015-01-17,-9.054388888888887,79.77777777777777,5.111111111111111
2015-01-18,1.753,93.88888888888889,4.777777777777778
2015-01-19,-4.297722222222221,89.66666666666667,2.111111111111111
2015-01-20,-4.707111111111111,92.77777777777777,1.0
2015-01-21,-6.763666666666667,89.11111111111111,2.7777777777777777
2015-01-22,-5.496111111111111,92.0,1.1111111111111112
2015-01-23,-6.42038888888889,84.44444444444444,3.6666666666666665
2015-01-24,-6.126777777777778,86.77777777777777,3.0
2015-01-25,-4.521166666666668,89.22222222222223,3.888888888888889
2015-01-26,-11.5915,82.33333333333333,3.888888888888889
2015-01-27,-12.712277777777777,74.77777777777777,2.888888888888889
2015-01-28,-13.423277777777779,73.77777777777777,1.1111111111111112
2015-01-29,-3.776611111111112,85.66666666666667,4.555555555555555
2015-01-30,-9.57238888888889,78.0,7.555555555555555
2015-01-31,-10.32661111111111,82.11111111111111,2.888888888888889
2015-02-01,-6.542277777777777,88.22222222222223,3.888888888888889
2015-02-02,-10.305555555555557,82.44444444444444,7.888888888888889
2015-02-03,-13.9575,74.88888888888889,3.6666666666666665
2015-02-04,-2.4734444444444446,92.33333333333333,3.0
2015-02-05,-16.316388888888888,67.88888888888889,2.888888888888889
2015-02-06,-9.314055555555557,80.22222222222223,5.111111111111111
2015-02-07,-5.092555555555556,89.0,2.111111111111111
2015-02-08,1.6736111111111112,90.77777777777777,2.5555555555555554
2015-02-09,-8.690444444444445,88.11111111111111,4.333333333333333
2015-02-10,-10.909833333333333,83.77777777777777,2.111111111111111
2015-02-11,-7.478722222222221,89.88888888888889,2.6666666666666665
2015-02-12,-12.003833333333334,76.66666666666667,6.888888888888889
2015-02-13,-18.951333333333334,69.55555555555556,2.3333333333333335
2015-02-14,-7.778666666666668,84.66666666666667,6.111111111111111
2015-02-15,-21.730333333333334,71.44444444444444,6.111111111111111
2015-02-16,-23.682499999999997,53.44444444444444,1.0
2015-02-17,-20.88272222222222,58.44444444444444,2.2222222222222223
2015-02-18,-15.496277777777777,81.77777777777777,2.2222222222222223
2015-02-19,-21.3555,71.22222222222223,4.0
2015-02-20,-25.192222222222217,55.77777777777778,2.0
2015-02-21,-9.334444444444443,88.33333333333333,2.5555555555555554
2015-02-22,-8.202944444444446,87.44444444444444,1.1111111111111112
2015-02-23,-21.5475,72.0,2.0
2015-02-24,-15.85561111111111,75.77777777777777,6.333333333333333
2015-02-25,-13.10588888888889,72.44444444444444,2.888888888888889
2015-02-26,-15.191055555555558,83.88888888888889,3.7777777777777777
2015-02-27,-19.643666666666668,70.88888888888889,1.1111111111111112
2015-02-28,-17.502500000000005,66.11111111111111,2.0
2015-03-01,-9.711055555555554,88.55555555555556,1.2222222222222223
2015-03-02,-8.147833333333333,79.0,4.0
2015-03-03,-7.247444444444445,87.44444444444444,3.4444444444444446
2015-03-04,-3.6784999999999997,87.22222222222223,3.4444444444444446
2015-03-05,-14.169555555555556,85.11111111111111,2.0
2015-03-06,-16.322,68.77777777777777,2.7777777777777777
2015-03-07,-5.561111111111112,82.22222222222223,4.0
2015-03-08,-5.351111111111112,83.44444444444444,1.1111111111111112
2015-03-09,-3.1692777777777774,82.0,2.111111111111111
2015-03-10,-1.3540000000000003,76.88888888888889,1.8888888888888888
2015-03-11,2.343,86.66666666666667,2.888888888888889
2015-03-12,-2.418111111111111,82.55555555555556,3.0
2015-03-13,-0.6257222222222222,71.0,2.3333333333333335
2015-03-14,5.973388888888889,89.33333333333333,4.0
2015-03-15,1.1364444444444441,82.22222222222223,3.6666666666666665
2015-03-16,7.54488888888889,75.0,3.3333333333333335
2015-03-17,2.8561111111111113,76.22222222222223,7.888888888888889
2015-03-18,-1.9022222222222223,72.0,2.7777777777777777
2015-03-19,-2.7506111111111107,76.88888888888889,2.0
2015-03-20,0.5364444444444444,75.77777777777777,1.0
2015-03-21,5.434166666666666,80.88888888888889,4.555555555555555
2015-03-22,-5.370222222222221,80.88888888888889,3.3333333333333335
2015-03-23,-5.264555555555555,85.88888888888889,3.2222222222222223
2015-03-24,-5.498166666666668,91.88888888888889,1.4444444444444444
2015-03-25,3.7297222222222226,86.88888888888889,7.111111111111111
2015-03-26,1.5829444444444443,91.0,1.7777777777777777
2015-03-27,-4.854,86.33333333333333,5.444444444444445
2015-03-28,-6.726333333333333,89.0,3.0
2015-03-29,-4.032777777777778,84.55555555555556,4.555555555555555
2015-03-30,4.224388888888889,75.55555555555556,6.444444444444445
2015-03-31,0.6573333333333333,95.0,1.7777777777777777
2015-04-01,1.873611111111111,90.55555555555556,1.2222222222222223
2015-04-02,8.574333333333335,65.11111111111111,5.555555555555555
2015-04-03,6.503722222222223,88.77777777777777,1.5555555555555556
2015-04-04,-2.1935555555555553,82.77777777777777,4.333333333333333
2015-04-05,4.039277777777778,70.66666666666667,1.4444444444444444
2015-04-06,5.752111111111112,70.22222222222223,3.2222222222222223
2015-04-07,4.3425,88.77777777777777,3.5555555555555554
2015-04-08,5.6786111111111115,95.77777777777777,3.4444444444444446
2015-04-09,5.465722222222222,96.11111111111111,2.7777777777777777
2015-04-10,9.965388888888889,80.77777777777777,9.333333333333334
2015-04-11,5.182166666666666,80.11111111111111,3.111111111111111
2015-04-12,7.069277777777777,68.55555555555556,2.0
2015-04-13,12.975222222222222,52.44444444444444,5.222222222222222
2015-04-14,8.623833333333332,65.33333333333333,1.3333333333333333
2015-04-15,7.892555555555554,59.333333333333336,3.111111111111111
2015-04-16,9.619388888888889,54.22222222222222,4.111111111111111
2015-04-17,11.494999999999997,74.33333333333333,1.7777777777777777
2015-04-18,12.093722222222222,59.44444444444444,3.111111111111111
2015-04-19,9.086333333333334,51.888888888888886,5.555555555555555
2015-04-20,13.344277777777778,88.77777777777777,8.444444444444445
2015-04-21,6.434111111111111,75.44444444444444,6.444444444444445
2015-04-22,4.506055555555556,71.33333333333333,5.555555555555555
2015-04-23,2.2465555555555556,74.77777777777777,5.222222222222222
2015-04-24,1.605222222222222,80.88888888888889,2.0
2015-04-25,4.4223333333333334,66.44444444444444,2.2222222222222223
2015-04-26,5.350666666666666,72.11111111111111,4.111111111111111
2015-04-27,5.196833333333333,82.55555555555556,4.222222222222222
2015-04-28,6.515722222222222,75.88888888888889,2.4444444444444446
2015-04-29,8.17538888888889,76.11111111111111,0.5555555555555556
2015-04-30,8.323500000000001,89.44444444444444,2.111111111111111
2015-05-01,11.124611111111111,74.55555555555556,2.5555555555555554
2015-05-02,11.97188888888889,65.11111111111111,1.1111111111111112
2015-05-03,16.0315,52.22222222222222,3.0
2015-05-04,17.840555555555554,51.333333333333336,4.333333333333333
2015-05-05,11.914777777777777,58.888888888888886,2.3333333333333335
2015-05-06,12.323500000000001,91.33333333333333,1.4444444444444444
2015-05-07,15.420555555555556,77.44444444444444,1.4444444444444444
2015-05-08,19.72761111111111,60.77777777777778,2.2222222222222223
2015-05-09,17.90972222222222,75.66666666666667,1.8888888888888888
2015-05-10,15.547722222222225,79.77777777777777,2.6666666666666665
2015-05-11,19.266444444444442,84.0,2.4444444444444446
2015-05-12,11.919944444444445,77.0,6.666666666666667
2015-05-13,8.023222222222223,80.66666666666667,4.444444444444445
2015-05-14,7.432277777777778,77.44444444444444,1.3333333333333333
2015-05-15,10.576555555555554,82.44444444444444,2.111111111111111
2015-05-16,15.559333333333333,95.11111111111111,0.6666666666666666
2015-05-17,18.128111111111114,88.66666666666667,1.8888888888888888
2015-05-18,22.404222222222227,68.22222222222223,4.0
2015-05-19,12.821166666666665,66.0,4.777777777777778
2015-05-20,7.127444444444445,74.77777777777777,3.111111111111111
2015-05-21,11.94811111111111,62.333333333333336,1.8888888888888888
2015-05-22,10.697333333333333,57.55555555555556,3.7777777777777777
2015-05-23,10.118611111111113,64.55555555555556,2.0
2015-05-24,16.96066666666667,59.666666666666664,2.111111111111111
2015-05-25,19.992666666666665,59.666666666666664,5.111111111111111
2015-05-26,21.06222222222222,70.33333333333333,3.7777777777777777
2015-05-27,20.999833333333335,64.66666666666667,5.555555555555555
2015-05-28,17.682444444444442,75.88888888888889,1.3333333333333333
2015-05-29,18.91911111111111,66.44444444444444,3.4444444444444446
2015-05-30,22.640666666666664,66.66666666666667,4.111111111111111
2015-05-31,10.363888888888889,100.0,7.333333333333333
2015-06-01,9.929666666666668,95.88888888888889,3.0
2015-06-02,11.956555555555553,87.44444444444444,1.5555555555555556
2015-06-03,13.575944444444445,82.33333333333333,2.111111111111111
2015-06-04,17.104277777777774,75.44444444444444,1.6666666666666667
2015-06-05,18.327444444444446,82.88888888888889,1.2222222222222223
2015-06-06,15.141111111111108,78.0,3.7777777777777777
2015-06-07,15.842555555555556,78.88888888888889,3.0
2015-06-08,19.02411111111111,95.0,2.7777777777777777
2015-06-09,17.067999999999998,93.11111111111111,2.5555555555555554
2015-06-10,20.40994444444444,71.22222222222223,5.111111111111111
2015-06-11,18.564888888888888,75.33333333333333,1.5555555555555556
2015-06-12,19.570222222222224,83.0,3.3333333333333335
2015-06-13,14.976833333333332,96.77777777777777,2.0
2015-06-14,18.226166666666668,95.77777777777777,1.3333333333333333
2015-06-15,20.59261111111111,95.11111111111111,1.3333333333333333
2015-06-16,20.079500000000003,88.55555555555556,2.3333333333333335
2015-06-17,17.092111111111112,74.44444444444444,2.111111111111111
2015-06-18,20.096166666666665,90.0,1.8888888888888888
2015-06-19,15.980777777777778,91.88888888888889,3.6666666666666665
2015-06-20,16.09522222222222,88.33333333333333,2.2222222222222223
2015-06-21,19.668277777777778,96.33333333333333,2.0
2015-06-22,21.057444444444442,76.33333333333333,2.2222222222222223
2015-06-23,20.249166666666667,87.33333333333333,5.444444444444445
2015-06-24,17.194555555555556,81.66666666666667,1.3333333333333333
2015-06-25,18.779833333333336,72.55555555555556,1.4444444444444444
2015-06-26,19.03137777777778,78.0,3.3333333333333335
2015-06-27,14.89777777777778,91.0,7.111111111111111
2015-06-28,17.700000000000003,72.44444444444444,5.222222222222222
2015-06-29,19.32777777777778,76.44444444444444,2.3333333333333335
2015-06-30,18.77,82.11111111111111,2.6666666666666665
2015-07-01,18.199666666666666,83.11111111111111,2.7777777777777777
2015-07-02,17.60777777777778,72.66666666666667,3.111111111111111
2015-07-03,15.869999999999997,64.44444444444444,2.0
2015-07-04,18.563333333333333,61.0,1.6666666666666667
2015-07-05,20.621111111111116,67.55555555555556,1.1111111111111112
2015-07-06,20.378888888888888,69.88888888888889,1.1111111111111112
2015-07-07,23.630000000000003,84.66666666666667,3.888888888888889
2015-07-08,15.667777777777777,76.11111111111111,2.4444444444444446
2015-07-09,17.385555555555555,93.0,2.6666666666666665
2015-07-10,18.853333333333335,67.77777777777777,1.0
2015-07-11,21.284444444444443,60.333333333333336,1.2222222222222223
2015-07-12,21.47554444444445,77.44444444444444,1.1111111111111112
2015-07-13,20.30777777777778,79.55555555555556,2.4444444444444446
2015-07-14,22.704444444444444,81.44444444444444,3.888888888888889
2015-07-15,16.856666666666666,67.44444444444444,4.333333333333333
2015-07-16,16.903333333333336,72.88888888888889,1.6666666666666667
2015-07-17,21.52777777777778,93.33333333333333,3.5555555555555554
2015-07-18,25.13222222222222,78.55555555555556,2.5555555555555554
2015-07-19,25.854444444444443,77.66666666666667,2.6666666666666665
2015-07-20,21.682222222222222,65.22222222222223,2.3333333333333335
2015-07-21,22.495555555555555,65.0,3.6666666666666665
2015-07-22,19.858888888888888,61.44444444444444,2.4444444444444446
2015-07-23,20.675555555555555,59.22222222222222,2.111111111111111
2015-07-24,23.034444444444446,70.33333333333333,1.6666666666666667
2015-07-25,24.18444444444445,66.44444444444444,3.111111111111111
2015-07-26,23.436666666666667,72.22222222222223,1.2222222222222223
2015-07-27,23.478888888888893,60.77777777777778,1.3333333333333333
2015-07-28,24.436666666666664,59.0,1.2222222222222223
2015-07-29,24.827777777777776,71.44444444444444,1.6666666666666667
2015-07-30,22.933333333333334,59.44444444444444,4.777777777777778
2015-07-31,23.463333333333335,54.77777777777778,3.0
2015-08-01,21.433333333333334,55.666666666666664,3.0
2015-08-02,22.394444444444446,65.88888888888889,3.5555555555555554
2015-08-03,20.69,78.0,4.222222222222222
2015-08-04,20.424444444444443,58.44444444444444,2.5555555555555554
2015-08-05,19.078888888888887,68.88888888888889,2.2222222222222223
2015-08-06,18.348888888888887,64.33333333333333,2.2222222222222223
2015-08-07,19.05111111111111,74.0,2.4444444444444446
2015-08-08,19.818888888888885,82.0,2.111111111111111
2015-08-09,21.51777777777778,74.44444444444444,1.5555555555555556
2015-08-10,22.304444444444442,81.11111111111111,2.4444444444444446
2015-08-11,21.323333333333334,73.44444444444444,3.5555555555555554
2015-08-12,18.663333333333334,74.0,3.111111111111111
2015-08-13,20.325555555555557,68.11111111111111,2.888888888888889
2015-08-14,23.557777777777776,73.11111111111111,3.7777777777777777
2015-08-15,21.625555555555554,74.33333333333333,1.2222222222222223
2015-08-16,23.57222222222222,78.66666666666667,2.0
2015-08-17,24.95035555555556,75.33333333333333,2.4444444444444446
2015-08-18,23.047777777777775,76.44444444444444,2.0
2015-08-19,24.531111111111112,77.0,2.4444444444444446
2015-08-20,19.313333333333333,79.66666666666667,4.222222222222222
2015-08-21,18.19333333333333,61.888888888888886,2.3333333333333335
2015-08-22,18.98817777777778,66.44444444444444,1.4444444444444444
2015-08-23,20.14,66.33333333333333,3.3333333333333335
2015-08-24,17.671111111111113,69.33333333333333,3.5555555555555554
2015-08-25,15.564444444444442,67.88888888888889,2.7777777777777777
2015-08-26,15.862222222222222,77.33333333333333,2.6666666666666665
2015-08-27,15.445555555555554,77.44444444444444,2.0
2015-08-28,15.687777777777777,79.77777777777777,1.2222222222222223
2015-08-29,19.668888888888887,84.66666666666667,1.4444444444444444
2015-08-30,21.40111111111111,86.88888888888889,1.5555555555555556
2015-08-31,21.59111111111111,82.11111111111111,1.6666666666666667
2015-09-01,22.928811111111113,81.33333333333333,1.4444444444444444
2015-09-02,24.131288888888893,80.88888888888889,1.8888888888888888
2015-09-03,24.058888888888887,77.77777777777777,2.7777777777777777
2015-09-04,21.828888888888894,86.66666666666667,3.111111111111111
2015-09-05,22.098888888888887,85.66666666666667,2.5555555555555554
2015-09-06,23.384444444444444,77.44444444444444,1.3333333333333333
2015-09-07,25.103333333333335,75.44444444444444,2.3333333333333335
2015-09-08,24.84444444444445,82.0,1.6666666666666667
2015-09-09,21.662222222222223,85.0,2.3333333333333335
2015-09-10,17.265555555555554,60.0,2.0
2015-09-11,17.551111111111112,79.11111111111111,2.888888888888889
2015-09-12,13.02888888888889,77.55555555555556,4.333333333333333
2015-09-13,11.837777777777779,70.0,3.2222222222222223
2015-09-14,14.174444444444445,63.666666666666664,2.6666666666666665
2015-09-15,19.178888888888892,60.77777777777778,2.888888888888889
2015-09-16,19.0979,69.44444444444444,2.3333333333333335
2015-09-17,19.14666666666667,70.77777777777777,2.6666666666666665
2015-09-18,20.00111111111111,68.0,3.2222222222222223
2015-09-19,20.355555555555554,91.44444444444444,3.888888888888889
2015-09-20,13.437777777777777,69.88888888888889,1.8888888888888888
2015-09-21,14.838111111111111,66.88888888888889,2.7777777777777777
2015-09-22,14.586944444444445,76.22222222222223,1.2222222222222223
2015-09-23,15.646666666666667,77.88888888888889,1.1111111111111112
2015-09-24,17.132955555555554,78.66666666666667,2.0
2015-09-25,18.203455555555554,83.44444444444444,2.888888888888889
2015-09-26,18.377911111111114,80.22222222222223,3.3333333333333335
2015-09-27,17.9473,71.0,3.6666666666666665
2015-09-28,20.620033333333332,84.55555555555556,2.6666666666666665
2015-09-29,19.649766666666665,90.88888888888889,2.3333333333333335
2015-09-30,13.681922222222223,69.11111111111111,5.444444444444445
2015-10-01,10.159288888888888,73.11111111111111,6.0
2015-10-02,9.898011111111112,62.44444444444444,7.777777777777778
2015-10-03,8.918122222222223,66.0,7.222222222222222
2015-10-04,11.362566666666668,95.0,3.2222222222222223
2015-10-05,15.14191111111111,87.44444444444444,1.6666666666666667
2015-10-06,14.396288888888888,87.0,1.1111111111111112
2015-10-07,14.830744444444443,79.33333333333333,2.111111111111111
2015-10-08,12.634622222222223,79.22222222222223,2.6666666666666665
2015-10-09,15.698777777777776,85.44444444444444,2.888888888888889
2015-10-10,9.520888888888889,72.77777777777777,1.3333333333333333
2015-10-11,13.30128888888889,68.77777777777777,3.4444444444444446
2015-10-12,15.621644444444444,59.333333333333336,3.888888888888889
2015-10-13,12.664444444444444,71.33333333333333,4.555555555555555
2015-10-14,11.005044444444446,82.88888888888889,3.0
2015-10-15,10.556099999999999,67.11111111111111,3.2222222222222223
2015-10-16,7.9511,75.0,3.111111111111111
2015-10-17,2.7495,73.77777777777777,4.444444444444445
2015-10-18,3.854711111111111,64.11111111111111,4.666666666666667
2015-10-19,6.585022222222222,58.55555555555556,5.444444444444445
2015-10-20,16.23108888888889,42.55555555555556,3.888888888888889
2015-10-21,13.52891111111111,75.55555555555556,3.0
2015-10-22,15.492222222222223,66.66666666666667,2.888888888888889
2015-10-23,8.204788888888888,78.33333333333333,2.4444444444444446
2015-10-24,13.877833333333335,88.11111111111111,5.444444444444445
2015-10-25,9.103333333333332,95.77777777777777,4.222222222222222
2015-10-26,6.748166666666667,93.0,1.1111111111111112
2015-10-27,9.295800000000002,86.66666666666667,3.3333333333333335
2015-10-28,12.311399999999999,93.22222222222223,5.111111111111111
2015-10-29,4.819311111111111,71.22222222222223,6.333333333333333
2015-10-30,6.995555555555556,76.66666666666667,2.3333333333333335
2015-10-31,7.154533333333335,76.77777777777777,2.7777777777777777
2015-11-01,11.795344444444446,76.11111111111111,5.444444444444445
2015-11-02,7.1809222222222235,80.0,2.0
2015-11-03,11.411433333333335,70.22222222222223,1.5555555555555556
2015-11-04,11.017555555555555,78.11111111111111,1.4444444444444444
2015-11-05,14.831499999999998,88.88888888888889,1.7777777777777777
2015-11-06,16.612333333333332,84.33333333333333,7.0
2015-11-07,8.325366666666667,76.55555555555556,3.5555555555555554
2015-11-08,3.120488888888889,79.33333333333333,1.6666666666666667
2015-11-09,2.6737666666666664,81.44444444444444,1.0
2015-11-10,7.0645444444444445,94.88888888888889,3.111111111111111
2015-11-11,4.704811111111111,84.77777777777777,1.2222222222222223
2015-11-12,10.2027,79.44444444444444,9.88888888888889
2015-11-13,6.095177777777778,69.33333333333333,6.555555555555555
2015-11-14,4.1033,70.11111111111111,3.2222222222222223
2015-11-15,8.233366666666667,60.0,3.0
2015-11-16,6.159733333333333,73.0,1.6666666666666667
2015-11-17,9.505155555555556,82.11111111111111,2.7777777777777777
2015-11-18,14.650133333333335,42.44444444444444,5.777777777777778
2015-11-19,11.641988888888887,67.88888888888889,6.888888888888889
2015-11-20,2.384388888888889,50.22222222222222,6.888888888888889
2015-11-21,1.1735888888888888,85.11111111111111,3.0
2015-11-22,-3.0186,84.33333333333333,3.888888888888889
2015-11-23,-3.545833333333333,86.33333333333333,3.6666666666666665
2015-11-24,-1.6674222222222226,95.0,3.4444444444444446
2015-11-25,1.6201222222222222,90.33333333333333,4.666666666666667
2015-11-26,8.761400000000002,74.44444444444444,3.5555555555555554
2015-11-27,12.997077777777777,78.44444444444444,5.333333333333333
2015-11-28,1.6883,95.44444444444444,4.0
2015-11-29,-3.584822222222222,90.22222222222223,1.1111111111111112
2015-11-30,0.3289333333333333,88.88888888888889,3.888888888888889
2015-12-01,5.691088888888888,95.66666666666667,2.5555555555555554
2015-12-02,-0.2537999999999998,92.33333333333333,1.3333333333333333
2015-12-03,2.159533333333333,91.33333333333333,3.3333333333333335
2015-12-04,2.277177777777778,88.0,3.111111111111111
2015-12-05,-0.9167444444444445,90.77777777777777,1.5555555555555556
2015-12-06,0.09939999999999999,92.22222222222223,1.5555555555555556
2015-12-07,-0.8790444444444447,94.0,1.3333333333333333
2015-12-08,2.858011111111111,97.44444444444444,3.111111111111111
2015-12-09,4.92678888888889,86.44444444444444,3.2222222222222223
2015-12-10,4.342255555555555,92.44444444444444,2.2222222222222223
2015-12-11,8.196944444444444,74.22222222222223,5.888888888888889
2015-12-12,8.921211111111113,81.33333333333333,2.3333333333333335
2015-12-13,12.32628888888889,97.22222222222223,2.2222222222222223
2015-12-14,13.864277777777778,73.88888888888889,3.111111111111111
2015-12-15,7.0173,78.44444444444444,3.888888888888889
2015-12-16,5.773377777777778,82.44444444444444,2.0
2015-12-17,3.2041,75.0,3.111111111111111
2015-12-18,0.11357777777777775,74.22222222222223,4.0
2015-12-19,-2.9185999999999996,67.0,3.6666666666666665
2015-12-20,-2.8289777777777783,70.22222222222223,2.888888888888889
2015-12-21,4.779855555555555,87.33333333333333,4.111111111111111
2015-12-22,9.937100000000001,90.66666666666667,2.888888888888889
2015-12-23,7.7677000000000005,93.55555555555556,1.3333333333333333
2015-12-24,8.181311111111109,73.11111111111111,6.0
2015-12-25,5.420611111111111,75.33333333333333,1.5555555555555556
2015-12-26,2.032033333333333,85.55555555555556,3.4444444444444446
2015-12-27,3.952722222222223,89.88888888888889,4.444444444444445
2015-12-28,-1.3674,71.77777777777777,6.0
2015-12-29,4.678066666666667,90.55555555555556,3.7777777777777777
2015-12-30,0.8905333333333334,85.11111111111111,2.111111111111111
2015-12-31,-0.1655333333333333,95.0,3.4444444444444446
2016-01-01,-2.487877777777778,78.55555555555556,4.444444444444445
2016-01-02,-1.1291444444444447,80.22222222222223,3.111111111111111
2016-01-03,0.5762,72.11111111111111,3.3333333333333335
2016-01-04,-4.510233333333334,72.77777777777777,3.2222222222222223
2016-01-05,-9.246566666666666,72.44444444444444,2.0
2016-01-06,-5.397755555555555,71.11111111111111,2.0
2016-01-07,-1.2673777777777777,75.44444444444444,1.2222222222222223
2016-01-08,0.16738888888888892,88.33333333333333,1.1111111111111112
2016-01-09,6.12521111111111,95.11111111111111,3.3333333333333335
2016-01-10,1.3930333333333336,91.77777777777777,4.444444444444445
2016-01-11,-11.075544444444445,72.33333333333333,4.333333333333333
2016-01-12,-5.101155555555555,83.44444444444444,5.666666666666667
2016-01-13,-10.190077777777779,72.88888888888889,4.222222222222222
2016-01-14,-4.7636,83.55555555555556,1.8888888888888888
2016-01-15,0.6473888888888888,88.11111111111111,3.5555555555555554
2016-01-16,-0.24656666666666663,86.55555555555556,5.111111111111111
2016-01-17,-5.869655555555557,70.33333333333333,4.888888888888889
2016-01-18,-11.835411111111112,68.88888888888889,5.222222222222222
2016-01-19,-11.72908888888889,79.0,3.0
2016-01-20,-9.363733333333334,79.0,1.2222222222222223
2016-01-21,-7.211066666666667,81.0,1.4444444444444444
2016-01-22,-4.741555555555555,85.11111111111111,2.4444444444444446
2016-01-23,-4.499233333333333,68.44444444444444,5.555555555555555
2016-01-24,-4.8872222222222215,81.66666666666667,2.2222222222222223
2016-01-25,-1.7940333333333334,80.66666666666667,2.5555555555555554
2016-01-26,4.202622222222223,85.0,6.777777777777778
2016-01-27,-0.9340333333333335,86.55555555555556,2.888888888888889
2016-01-28,-0.3597444444444444,75.11111111111111,5.555555555555555
2016-01-29,-3.9777777777777774,63.111111111111114,5.888888888888889
2016-01-30,0.48420000000000013,75.11111111111111,3.888888888888889
2016-01-31,4.253966666666667,87.77777777777777,2.2222222222222223
2016-02-01,2.6086444444444443,87.22222222222223,2.7777777777777777
2016-02-02,-0.45576666666666654,89.11111111111111,2.5555555555555554
2016-02-03,11.19891111111111,85.44444444444444,4.111111111111111
2016-02-04,0.1781222222222222,92.88888888888889,1.7777777777777777
2016-02-05,-4.179566666666667,77.11111111111111,2.111111111111111
2016-02-06,-1.9677777777777774,75.0,2.5555555555555554
2016-02-07,1.1400000000000001,75.44444444444444,2.4444444444444446
2016-02-08,3.0344444444444445,78.88888888888889,1.7777777777777777
2016-02-09,-0.7933333333333334,89.44444444444444,3.4444444444444446
2016-02-10,-6.175866666666666,74.66666666666667,4.222222222222222
2016-02-11,-11.010444444444444,74.66666666666667,3.888888888888889
2016-02-12,-8.671344444444443,71.88888888888889,3.6666666666666665
2016-02-13,-14.554933333333334,62.666666666666664,3.4444444444444446
2016-02-14,-14.382222222222222,69.77777777777777,1.4444444444444444
2016-02-15,-6.292222222222223,89.77777777777777,2.7777777777777777
2016-02-16,-1.8394333333333333,90.11111111111111,2.4444444444444446
2016-02-17,-1.8987666666666665,82.33333333333333,3.2222222222222223
2016-02-18,-9.757166666666668,74.77777777777777,1.8888888888888888
2016-02-19,2.9371333333333336,63.666666666666664,4.111111111111111
2016-02-20,8.749944444444443,55.44444444444444,5.666666666666667
2016-02-21,2.948755555555555,80.22222222222223,2.6666666666666665
2016-02-22,-0.8991555555555555,82.0,2.7777777777777777
2016-02-23,-1.9310999999999998,68.88888888888889,2.3333333333333335
2016-02-24,0.03776666666666667,93.88888888888889,7.333333333333333
2016-02-25,-0.43766666666666665,94.88888888888889,5.0
2016-02-26,-3.907066666666667,67.0,2.888888888888889
2016-02-27,-1.043411111111111,74.0,4.888888888888889
2016-02-28,5.539133333333334,72.44444444444444,6.0
2016-02-29,1.1224444444444446,78.0,5.555555555555555
2016-03-01,-3.419455555555556,74.77777777777777,4.0
2016-03-02,-6.975811111111111,71.77777777777777,4.444444444444445
2016-03-03,-4.9056555555555565,69.77777777777777,1.0
2016-03-04,-2.9759888888888892,79.77777777777777,1.8888888888888888
2016-03-05,-1.8072444444444449,93.11111111111111,1.0
2016-03-06,-2.298244444444444,89.77777777777777,1.7777777777777777
2016-03-07,5.096388888888889,74.88888888888889,4.222222222222222
2016-03-08,10.657377777777777,65.44444444444444,2.3333333333333335
2016-03-09,13.700088888888887,59.333333333333336,5.222222222222222
2016-03-10,12.981544444444445,92.33333333333333,1.2222222222222223
2016-03-11,4.4727444444444435,81.0,2.111111111111111
2016-03-12,2.815722222222222,76.66666666666667,1.2222222222222223
2016-03-13,7.346155555555555,82.11111111111111,2.2222222222222223
2016-03-14,8.853333333333332,97.88888888888889,2.5555555555555554
2016-03-15,9.033922222222223,84.33333333333333,1.6666666666666667
2016-03-16,9.792022222222222,82.77777777777777,5.666666666666667
2016-03-17,8.508466666666667,44.333333333333336,5.666666666666667
2016-03-18,3.5198222222222224,58.55555555555556,2.2222222222222223
2016-03-19,-1.0644999999999998,57.0,3.4444444444444446
2016-03-20,-0.593488888888889,54.55555555555556,2.2222222222222223
2016-03-21,0.41952222222222224,59.111111111111114,2.3333333333333335
2016-03-22,4.200233333333333,56.44444444444444,4.111111111111111
2016-03-23,6.235144444444445,79.66666666666667,3.888888888888889
2016-03-24,4.494411111111111,95.88888888888889,3.111111111111111
2016-03-25,-0.7804888888888888,79.77777777777777,3.3333333333333335
2016-03-26,0.11227777777777782,89.11111111111111,1.2222222222222223
2016-03-27,4.434955555555556,79.22222222222223,1.1111111111111112
2016-03-28,6.449744444444445,87.11111111111111,7.0
2016-03-29,2.9130888888888884,66.33333333333333,2.7777777777777777
2016-03-30,4.238955555555555,70.0,3.3333333333333335
2016-03-31,12.699555555555555,91.11111111111111,7.0
2016-04-01,6.935466666666667,77.0,4.222222222222222
2016-04-02,2.009622222222222,82.66666666666667,3.5555555555555554
2016-04-03,-3.329411111111111,59.55555555555556,2.7777777777777777
2016-04-04,-1.3182777777777777,83.11111111111111,5.0
2016-04-05,-3.2682333333333333,57.22222222222222,1.7777777777777777
2016-04-06,3.6744444444444446,65.44444444444444,3.888888888888889
2016-04-07,4.2877777777777775,82.22222222222223,3.5555555555555554
2016-04-08,0.22555555555555554,55.666666666666664,3.888888888888889
2016-04-09,-1.819522222222222,81.88888888888889,5.555555555555555
2016-04-10,-0.8888444444444443,76.0,3.888888888888889
2016-04-11,10.292300000000003,96.22222222222223,3.6666666666666665
2016-04-12,2.6537666666666664,59.0,4.888888888888889
2016-04-13,3.8502666666666667,62.666666666666664,1.8888888888888888
2016-04-14,4.923333333333334,52.22222222222222,3.2222222222222223
2016-04-15,7.009722222222222,43.111111111111114,2.3333333333333335
2016-04-16,12.035555555555554,53.888888888888886,1.6666666666666667
2016-04-17,12.8407,48.55555555555556,1.2222222222222223
2016-04-18,15.36111111111111,47.55555555555556,1.3333333333333333
2016-04-19,9.538888888888888,64.88888888888889,4.444444444444445
2016-04-20,10.512222222222222,53.22222222222222,3.2222222222222223
2016-04-21,11.355555555555556,79.0,2.4444444444444446
2016-04-22,12.276666666666667,95.77777777777777,2.7777777777777777
2016-04-23,6.610477777777778,54.55555555555556,3.111111111111111
2016-04-24,8.16777777777778,44.888888888888886,2.2222222222222223
2016-04-25,12.664655555555553,52.44444444444444,2.5555555555555554
2016-04-26,10.281744444444447,93.88888888888889,3.5555555555555554
2016-04-27,7.412644444444443,54.55555555555556,3.6666666666666665
2016-04-28,5.977777777777778,67.33333333333333,5.777777777777778
2016-04-29,6.741111111111111,77.44444444444444,3.2222222222222223
2016-04-30,8.559999999999999,70.77777777777777,4.222222222222222
2016-05-01,9.015555555555556,96.11111111111111,4.444444444444445
2016-05-02,8.350000000000001,92.66666666666667,3.888888888888889
2016-05-03,10.054444444444444,78.44444444444444,1.6666666666666667
2016-05-04,12.181111111111113,77.88888888888889,4.555555555555555
2016-05-05,11.257777777777777,75.55555555555556,6.0
2016-05-06,13.174444444444445,58.77777777777778,2.5555555555555554
2016-05-07,15.524444444444445,68.44444444444444,4.111111111111111
2016-05-08,11.056666666666667,52.333333333333336,3.4444444444444446
2016-05-09,10.456666666666667,66.55555555555556,2.2222222222222223
2016-05-10,10.747777777777777,68.11111111111111,5.222222222222222
2016-05-11,13.644444444444444,74.66666666666667,3.888888888888889
2016-05-12,16.441111111111113,86.22222222222223,2.7777777777777777
2016-05-13,14.700000000000001,76.22222222222223,5.777777777777778
2016-05-14,8.77222222222222,78.11111111111111,6.555555555555555
2016-05-15,4.503333333333334,72.44444444444444,5.444444444444445
2016-05-16,9.865555555555554,60.77777777777778,6.111111111111111
2016-05-17,11.763333333333334,76.88888888888889,3.111111111111111
2016-05-18,11.484444444444444,60.0,4.333333333333333
2016-05-19,12.809999999999999,66.0,1.3333333333333333
2016-05-20,14.081111111111113,60.44444444444444,1.8888888888888888
2016-05-21,15.67888888888889,59.111111111111114,3.4444444444444446
2016-05-22,16.513333333333335,64.55555555555556,4.222222222222222
2016-05-23,14.17777777777778,54.0,1.5555555555555556
2016-05-24,18.27491111111111,60.77777777777778,2.7777777777777777
2016-05-25,21.826922222222223,57.888888888888886,3.111111111111111
2016-05-26,22.8143,75.33333333333333,4.111111111111111
2016-05-27,22.792877777777775,74.11111111111111,2.6666666666666665
2016-05-28,23.641344444444442,70.88888888888889,3.0
2016-05-29,23.009822222222223,74.55555555555556,3.4444444444444446
2016-05-30,21.365211111111112,66.88888888888889,2.7777777777777777
2016-05-31,21.178455555555555,61.77777777777778,3.3333333333333335
2016-06-01,19.173144444444446,65.77777777777777,3.7777777777777777
2016-06-02,21.266033333333333,67.22222222222223,2.7777777777777777
2016-06-03,19.254444444444445,60.0,2.111111111111111
2016-06-04,20.604444444444443,53.888888888888886,2.888888888888889
2016-06-05,19.396666666666665,85.11111111111111,6.0
2016-06-06,20.04222222222222,58.44444444444444,5.444444444444445
2016-06-07,14.727777777777776,69.22222222222223,4.666666666666667
2016-06-08,12.27,54.666666666666664,4.333333333333333
2016-06-09,14.026666666666667,65.0,2.111111111111111
2016-06-10,20.755555555555553,60.333333333333336,2.4444444444444446
2016-06-11,25.663333333333334,63.888888888888886,4.111111111111111
2016-06-12,19.14555555555556,43.666666666666664,5.0
2016-06-13,15.972222222222221,64.88888888888889,0.7777777777777778
2016-06-14,17.43,61.55555555555556,2.0
2016-06-15,18.61,73.11111111111111,3.0
2016-06-16,19.787777777777777,95.66666666666667,2.4444444444444446
2016-06-17,22.633333333333336,59.111111111111114,3.3333333333333335
2016-06-18,23.36777777777778,56.22222222222222,1.0
2016-06-19,23.962222222222223,65.77777777777777,1.5555555555555556
2016-06-20,26.08666666666667,69.33333333333333,3.7777777777777777
2016-06-21,21.364444444444445,54.55555555555556,1.8888888888888888
2016-06-22,21.156666666666666,59.77777777777778,1.0
2016-06-23,19.604444444444443,64.88888888888889,1.1111111111111112
2016-06-24,19.83111111111111,64.0,3.0
2016-06-25,21.63888888888889,59.0,1.1111111111111112
2016-06-26,24.70555555555556,66.55555555555556,4.888888888888889
2016-06-27,25.803333333333335,67.33333333333333,4.111111111111111
2016-06-28,19.59777777777778,65.77777777777777,3.4444444444444446
2016-06-29,17.490000000000002,46.666666666666664,3.111111111111111
2016-06-30,19.85333333333334,55.888888888888886,2.0
2016-07-01,18.966666666666665,78.55555555555556,4.111111111111111
2016-07-02,16.871111111111112,60.111111111111114,1.6666666666666667
2016-07-03,19.586666666666666,62.111111111111114,1.1111111111111112
2016-07-04,19.956666666666663,67.44444444444444,3.888888888888889
2016-07-05,24.04777777777778,73.44444444444444,2.4444444444444446
2016-07-06,24.713333333333335,72.0,3.888888888888889
2016-07-07,24.867777777777775,75.33333333333333,2.4444444444444446
2016-07-08,23.33,84.33333333333333,2.888888888888889
2016-07-09,20.203333333333333,69.11111111111111,4.666666666666667
2016-07-10,21.81888888888889,69.66666666666667,1.5555555555555556
2016-07-11,23.984444444444446,73.0,2.6666666666666665
2016-07-12,25.483933333333333,67.33333333333333,2.888888888888889
2016-07-13,25.191999999999997,78.0,2.7777777777777777
2016-07-14,22.96188888888889,90.88888888888889,2.6666666666666665
2016-07-15,22.554555555555556,74.77777777777777,3.5555555555555554
2016-07-16,19.074222222222218,90.22222222222223,1.8888888888888888
2016-07-17,20.47522222222222,73.44444444444444,1.3333333333333333
2016-07-18,22.27544444444445,82.44444444444444,4.222222222222222
2016-07-19,23.937999999999995,63.0,3.0
2016-07-20,23.937999999999995,63.0,3.0
2016-07-21,25.58888888888889,73.55555555555556,3.888888888888889
2016-07-22,27.30666666666667,76.77777777777777,2.888888888888889
2016-07-23,26.464444444444442,68.66666666666667,1.5555555555555556
2016-07-24,24.60222222222222,77.66666666666667,2.888888888888889
2016-07-25,26.235555555555557,79.44444444444444,4.222222222222222
2016-07-26,23.39333333333333,71.33333333333333,1.2222222222222223
2016-07-27,24.795555555555552,67.33333333333333,1.8888888888888888
2016-07-28,23.546666666666667,82.22222222222223,3.2222222222222223
2016-07-29,23.55555555555555,74.77777777777777,3.2222222222222223
2016-07-30,21.017777777777777,85.33333333333333,4.222222222222222
2016-07-31,21.823333333333334,81.0,2.111111111111111
2016-08-01,22.528888888888886,82.77777777777777,2.111111111111111
2016-08-02,23.727777777777778,79.55555555555556,1.8888888888888888
2016-08-03,24.433333333333334,75.66666666666667,1.4444444444444444
2016-08-04,25.74666666666667,77.11111111111111,1.6666666666666667
2016-08-05,26.24,72.11111111111111,3.5555555555555554
2016-08-06,23.846666666666668,67.33333333333333,3.3333333333333335
2016-08-07,23.327777777777776,63.111111111111114,2.2222222222222223
2016-08-08,21.971111111111114,66.88888888888889,1.8888888888888888
2016-08-09,24.131222222222224,76.0,2.6666666666666665
2016-08-10,27.025555555555556,63.111111111111114,1.2222222222222223
2016-08-11,27.962222222222223,77.0,1.6666666666666667
2016-08-12,28.256666666666668,79.33333333333333,3.3333333333333335
2016-08-13,26.07,84.33333333333333,3.6666666666666665
2016-08-14,23.45777777777778,77.22222222222223,2.4444444444444446
2016-08-15,22.317777777777778,87.11111111111111,0.6666666666666666
2016-08-16,23.397777777777776,92.55555555555556,5.111111111111111
2016-08-17,23.61555555555556,89.33333333333333,1.5555555555555556
2016-08-18,23.531111111111116,78.77777777777777,1.7777777777777777
2016-08-19,24.62666666666667,80.66666666666667,2.7777777777777777
2016-08-20,24.354444444444447,87.44444444444444,3.2222222222222223
2016-08-21,20.414444444444445,67.88888888888889,3.888888888888889
2016-08-22,18.38555555555556,62.0,2.111111111111111
2016-08-23,20.105555555555554,60.77777777777778,2.5555555555555554
2016-08-24,22.14,66.11111111111111,3.7777777777777777
2016-08-25,24.455555555555556,85.44444444444444,2.5555555555555554
2016-08-26,21.89111111111111,70.55555555555556,1.8888888888888888
2016-08-27,23.957777777777775,69.66666666666667,1.6666666666666667
2016-08-28,24.322222222222223,86.77777777777777,1.8888888888888888
2016-08-29,22.511111111111113,80.33333333333333,2.3333333333333335
2016-08-30,22.81,74.22222222222223,1.1111111111111112
2016-08-31,22.82333333333333,85.11111111111111,2.0
2016-09-01,18.824444444444445,70.55555555555556,3.4444444444444446
2016-09-02,17.603333333333335,67.77777777777777,2.7777777777777777
2016-09-03,17.38777777777777,68.11111111111111,1.5555555555555556
2016-09-04,18.14111111111111,74.22222222222223,1.7777777777777777
2016-09-05,20.20888888888889,70.77777777777777,1.7777777777777777
2016-09-06,24.76222222222222,77.11111111111111,2.4444444444444446
2016-09-07,26.654444444444444,76.44444444444444,2.6666666666666665
2016-09-08,25.575555555555553,76.55555555555556,3.111111111111111
2016-09-09,22.063333333333333,78.22222222222223,1.1111111111111112
2016-09-10,22.34111111111111,86.22222222222223,4.111111111111111
2016-09-11,16.554444444444446,69.88888888888889,2.2222222222222223
2016-09-12,16.756666666666668,69.55555555555556,1.5555555555555556
2016-09-13,18.345555555555553,69.77777777777777,2.3333333333333335
2016-09-14,18.647777777777776,81.0,2.4444444444444446
2016-09-15,15.92,73.88888888888889,2.3333333333333335
2016-09-16,17.198888888888888,74.0,1.8888888888888888
2016-09-17,20.514444444444443,90.22222222222223,3.0
2016-09-18,20.14641111111111,91.22222222222223,1.7777777777777777
2016-09-19,20.093333333333337,80.55555555555556,1.1111111111111112
2016-09-20,21.461366666666667,79.33333333333333,2.111111111111111
2016-09-21,19.098444444444446,85.0,1.3333333333333333
2016-09-22,22.576666666666668,73.55555555555556,1.8888888888888888
2016-09-23,22.705555555555552,83.55555555555556,2.4444444444444446
2016-09-24,17.166666666666668,68.0,1.4444444444444444
2016-09-25,15.628888888888888,74.44444444444444,2.4444444444444446
2016-09-26,17.02444444444445,91.77777777777777,4.111111111111111
2016-09-27,14.805444444444444,61.77777777777778,5.111111111111111
2016-09-28,13.943333333333333,80.44444444444444,1.5555555555555556
2016-09-29,15.66888888888889,96.66666666666667,4.888888888888889
2016-09-30,15.455555555555556,94.55555555555556,5.111111111111111
2016-10-01,16.01,94.88888888888889,3.111111111111111
2016-10-02,14.073333333333332,88.22222222222223,0.4444444444444444
2016-10-03,13.433333333333335,94.77777777777777,1.8888888888888888
2016-10-04,16.366666666666667,91.0,1.6666666666666667
2016-10-05,19.070777777777778,79.55555555555556,3.888888888888889
2016-10-06,19.773222222222223,81.88888888888889,1.4444444444444444
2016-10-07,18.686222222222224,79.11111111111111,2.6666666666666665
2016-10-08,11.349666666666666,92.77777777777777,4.777777777777778
2016-10-09,8.990877777777778,95.33333333333333,3.111111111111111
2016-10-10,8.068466666666666,95.66666666666667,2.0
2016-10-11,12.968333333333334,88.55555555555556,3.0
2016-10-12,14.032,85.11111111111111,3.6666666666666665
2016-10-13,9.865888888888888,99.11111111111111,5.444444444444445
2016-10-14,8.635433333333332,91.66666666666667,0.6666666666666666
2016-10-15,12.061455555555556,89.11111111111111,3.888888888888889
2016-10-16,19.82876666666667,68.88888888888889,5.0
2016-10-17,18.238444444444443,88.44444444444444,3.7777777777777777
2016-10-18,22.604444444444443,62.22222222222222,7.555555555555555
2016-10-19,14.057466666666667,87.55555555555556,1.1111111111111112
2016-10-20,12.390133333333333,99.66666666666667,2.7777777777777777
2016-10-21,10.574833333333334,100.0,6.0
2016-10-22,6.256777777777777,100.0,6.0
2016-10-23,7.973222222222223,96.88888888888889,2.0
2016-10-24,7.779888888888889,99.22222222222223,5.333333333333333
2016-10-25,6.073,98.66666666666667,4.0
2016-10-26,4.044444444444443,100.0,2.888888888888889
2016-10-27,9.367666666666668,100.0,4.666666666666667
2016-10-28,3.536111111111111,100.0,1.4444444444444444
2016-10-29,17.529555555555557,76.22222222222223,6.222222222222222
2016-10-30,9.85288888888889,99.33333333333333,3.5555555555555554
2016-10-31,5.298444444444445,98.22222222222223,2.0
2016-11-01,14.030555555555557,83.0,4.444444444444445
2016-11-02,14.934444444444447,86.55555555555556,1.4444444444444444
2016-11-03,12.18222222222222,87.22222222222223,2.4444444444444446
2016-11-04,8.126666666666667,81.11111111111111,2.5555555555555554
2016-11-05,8.607777777777777,70.22222222222223,2.6666666666666665
2016-11-06,8.46888888888889,78.11111111111111,1.0
2016-11-07,7.4688888888888885,94.11111111111111,1.1111111111111112
2016-11-08,8.63111111111111,81.55555555555556,2.111111111111111
2016-11-09,7.354444444444444,81.22222222222223,4.222222222222222
2016-11-10,6.052222222222222,74.22222222222223,2.888888888888889
2016-11-11,8.673333333333334,53.333333333333336,4.222222222222222
2016-11-12,0.5633333333333332,81.22222222222223,2.4444444444444446
2016-11-13,3.7944444444444443,70.22222222222223,2.888888888888889
2016-11-14,3.861111111111111,63.0,2.5555555555555554
2016-11-15,5.202222222222222,84.88888888888889,2.111111111111111
2016-11-16,8.722222222222221,80.22222222222223,2.5555555555555554
